v 11.32 31.7825 25.3157
v 10.232 31.7234 26.1068
v 10.4233 31.1078 25.9518
v 11.0704 31.1301 25.407
v 9.87334 32.6082 26.0481
v 11.143 32.7728 25.255
v 9.21491 31.2229 26.7816
v 9.95677 30.3435 26.3894
v 10.5418 30.9848 25.8034
v 10.6309 30.713 25.6707
v 11.9044 30.6912 24.9577
v 12.6706 31.2917 24.3405
v 8.59012 32.1386 26.5851
v 12.4423 32.7733 24.2475
v 10.6848 33.8838 25.1004
v 9.38879 33.5833 25.8688
v 7.88452 30.4719 26.8129
v 8.55785 29.4714 26.6113
v 11.2027 30.0484 25.2257
v 12.7819 29.8497 23.783
v 12.339 29.9245 24.5882
v 8.0675 33.1142 26.3291
v 7.30324 31.5023 26.7795
v 12.6953 31.1876 22.4866
v 12.7328 32.5964 22.632
v 12.0807 34.1743 24.2935
v 8.81645 34.6274 25.6764
v 9.95922 34.8917 24.7817
v 6.63821 29.7897 27.0446
v 7.23544 28.7213 26.7969
v 9.16369 28.3973 26.1575
v 10.3091 29.3184 25.7407
v 11.6916 29.2574 24.5981
v 12.8503 29.7967 22.424
v 12.5301 28.317 23.7169
v 7.51948 34.1598 26.1054
v 6.76016 32.5542 26.6255
v 6.01966 30.8674 27.01
v 13.5195 31.1054 21.0578
v 13.2515 32.6362 21.0865
v 12.2752 33.94 22.6816
v 11.1104 35.1792 23.9714
v 9.61397 36.2217 25.0337
v 8.24901 35.8223 25.6838
v 5.61264 29.2192 27.8769
v 6.08087 28.0644 27.3675
v 7.83329 27.6555 26.3073
v 9.82986 27.2975 25.6362
v 10.6502 28.3752 24.817
v 12.4676 28.5881 22.3211
v 13.313 29.6276 21.0134
v 11.3136 27.287 24.1305
v 6.91841 35.1847 25.7144
v 6.23429 33.6509 26.3918
v 5.49688 32.0404 26.9745
v 4.90277 30.3674 27.7592
v 13.5471 31.0924 19.3333
v 13.0194 32.5802 19.5201
v 12.6435 34.0002 21.1596
v 11.4655 34.9991 22.616
v 10.4733 36.2645 23.8456
v 7.53541 36.67 24.7965
v 8.80125 37.1607 24.4129
v 4.47836 28.6334 28.6333
v 5.01042 27.4056 28.1576
v 6.58999 26.9556 26.7209
v 8.41666 26.5847 25.6087
v 10.3795 26.1688 24.6629
v 12.5597 27.0189 22.7187
v 12.3782 27.6953 22.0745
v 12.5486 28.5793 21.0239
v 13.2192 29.5955 19.551
v 11.6667 26.2449 23.0734
v 6.32904 36.0129 24.8675
v 5.68637 34.6364 25.8396
v 4.98965 33.2251 26.7469
v 4.31059 31.6161 27.6242
v 3.83055 29.9146 28.6712
v 12.3477 30.9916 18.3783
v 12.1272 32.3126 18.3859
v 12.134 33.6208 19.8083
v 11.5289 34.798 21.2214
v 10.5866 35.913 22.4948
v 9.70451 37.1578 23.4938
v 8.23777 37.2798 23.349
v 7.07954 37.0718 23.6616
v 3.22797 28.0184 29.275
v 3.82958 26.7299 28.8424
v 5.58596 26.249 27.5758
v 7.21001 25.8037 26.1035
v 8.92798 25.4967 24.7045
v 10.5167 25.4879 23.2722
v 12.4686 26.4848 21.4431
v 12.3222 27.4294 21.0907
v 12.8916 28.394 19.6983
v 12.3955 29.6147 18.3641
v 11.7236 25.5694 21.7462
v 5.80801 36.8811 23.9675
v 5.13673 35.3558 24.8665
v 4.49939 34.3816 26.3035
v 3.88979 32.9987 27.5486
v 3.22882 31.2414 28.5449
v 2.57287 29.3621 29.2956
v 12.3826 31.0356 16.9338
v 12.6225 32.4842 16.9974
v 11.6901 33.5034 18.5251
v 11.3122 34.5385 19.8861
v 10.7598 35.7591 21.1152
v 10.0391 36.9437 22.3461
v 9.04956 37.4739 23.0871
v 6.89149 36.9602 22.3451
v 8.14506 37.2726 22.195
v 1.85611 27.3849 29.5733
v 2.51594 26.0465 29.2946
v 4.44526 25.5201 28.2781
v 6.13634 25.1206 26.888
v 7.52551 24.5341 25.0121
v 9.24796 24.7783 23.369
v 10.4984 25.1932 21.787
v 12.5161 26.1035 20.0859
v 12.8028 27.2212 19.8769
v 12.6693 28.3622 18.3199
v 12.1855 29.6656 16.9354
v 11.8078 25.1716 20.3314
v 5.55726 37.1236 22.6425
v 4.68131 36.2885 24.0517
v 3.89914 35.2267 25.3544
v 3.51295 34.4655 27.2648
v 2.75281 32.7007 28.429
v 1.96986 30.7456 29.1909
v 1.21191 28.7595 29.5994
v 12.392 31.0501 15.475
v 12.1892 32.5347 15.4571
v 12.0128 33.6772 17.2064
v 11.7543 34.5318 18.6778
v 11.4177 35.7966 19.8776
v 10.5926 37.0621 21.1252
v 9.22434 37.6337 22.2034
v 8.15636 37.6354 20.932
v 6.80807 37.2598 21.0091
v 0.45955 26.7458 29.6649
v 1.13567 25.3645 29.5107
v 3.14785 24.7947 28.7156
v 4.96285 24.4284 27.5086
v 6.51256 24.0713 26.1492
v 7.93087 24.1361 23.3361
v 9.32431 24.4927 21.8875
v 10.688 24.5308 20.4888
v 12.5936 25.8805 18.5803
v 12.9558 27.1005 18.3877
v 11.9115 28.3422 16.959
v 12.3128 29.6703 15.5036
v 11.9129 24.779 18.8644
v 5.42002 37.3239 21.3179
v 4.37039 36.4424 22.764
v 3.56219 36.3011 24.4837
v 2.89239 35.5086 26.2164
v 2.23678 34.1689 27.9388
v 1.44794 32.2241 29.0587
v 0.632075 30.1749 29.6218
v -0.169585 28.1388 29.7226
v 11.836 30.9268 14.2055
v 11.3791 32.252 14.102
v 11.6838 34.2335 15.6852
v 11.8494 34.4561 17.6462
v 11.7944 35.6311 18.4711
v 11.0533 37.1424 19.7094
v 9.47612 37.7625 20.9629
v 6.71503 37.9958 19.8335
v 8.18681 37.818 19.6306
v -0.929882 26.1032 29.6493
v -0.265357 24.7403 29.3346
v 1.76879 24.1185 28.8303
v 3.68878 23.699 27.8477
v 5.35113 23.4725 26.5793
v 6.64709 23.4099 24.5315
v 6.1702 23.5483 25.366
v 7.03439 23.006 23.2741
v 8.2073 23.6443 21.9192
v 9.4388 24.0936 20.5327
v 10.7537 24.0278 19.103
v 11.7873 26.0961 17.2353
v 12.3062 27.1262 16.9049
v 11.6711 28.3656 15.1756
v 11.9542 29.8882 14.4939
v 11.2521 25.2454 17.5953
v 5.27626 37.719 20.0959
v 4.11933 36.9877 21.5571
v 3.09166 36.5344 23.1876
v 2.46456 36.6794 25.18
v 1.66468 35.5448 27.0571
v 0.900342 33.7495 28.604
v 0.103041 31.6676 29.5939
v -0.7497 29.5541 29.7994
v -1.54044 27.5092 29.5761
v 10.6521 30.4454 13.7946
v 10.0996 31.6724 13.467
v 10.633 33.6026 14.1196
v 11.6571 35.183 17.0956
v 11.0151 36.7866 18.1798
v 9.70843 37.9012 19.5173
v 8.08819 37.424 18.3461
v 6.60105 37.5357 18.5823
v -2.28864 25.454 29.4785
v -1.62545 24.0782 29.1947
v 0.401504 23.4649 28.759
v 2.36604 22.9831 27.9963
v 4.11002 22.7916 26.8148
v 5.49185 22.8542 25.5682
v 5.88765 22.3339 24.5286
v 6.19771 21.8795 23.2481
v 7.23642 22.6328 21.8477
v 8.21246 23.4595 20.4709
v 9.39082 24.0899 19.1829
v 10.3479 24.5911 17.9193
v 11.7536 25.7318 15.5442
v 11.6141 27.0232 15.4746
v 11.1663 29.3218 14.1553
v 10.8115 25.3355 16.4413
v 5.14446 37.5148 18.8427
v 3.92761 37.4066 20.3511
v 2.82527 37.0183 21.9182
v 1.95392 36.9721 23.7202
v 1.12351 36.7962 25.8671
v 0.305676 35.2287 27.8044
v -0.439112 33.1667 29.1956
v -1.30367 31.0207 29.7933
v -2.12278 28.9181 29.6829
v -2.89699 26.8691 29.5304
v 9.52486 29.8838 13.1079
v 8.97542 31.0698 12.6958
v 9.47632 32.9038 13.1549
v 10.4079 35.4816 15.3333
v 9.45817 34.5252 14.4114
v 10.7924 36.1795 16.7593
v 9.60899 37.3001 18.1671
v 6.40182 37.2854 17.3512
v 7.84312 36.8574 17.1721
v -3.59486 24.8498 29.0878
v -2.95014 23.4913 28.8033
v -0.937916 22.7467 28.7031
v 1.04933 22.2567 28.0081
v 2.88444 22.0197 26.9373
v 4.49539 22.0262 25.7117
v 4.91229 21.3362 24.5607
v 5.14856 21.0002 23.1804
v 6.39201 21.5066 21.799
v 7.38246 22.2852 20.3374
v 8.16656 23.3813 19.0424
v 9.32076 24.0752 17.9671
v 10.2154 24.6181 16.6771
v 11.6175 25.9019 14.1118
v 11.4193 27.0318 13.9938
v 10.6391 27.6451 14.1329
v 10.0291 28.735 13.6649
v 10.6099 25.2517 14.9231
v 10.4862 25.0119 15.6365
v 4.96336 37.2907 17.6317
v 3.77138 37.5084 19.1132
v 2.61671 37.3287 20.6456
v 1.64919 37.4809 22.3644
v 0.66856 37.215 24.2295
v -0.57267 36.3676 26.3881
v -1.01062 34.5458 28.4144
v -1.83198 32.4717 29.4021
v -2.69051 30.3479 29.7205
v -3.43244 28.2859 29.3734
v -4.16337 26.2576 29.1056
v 8.20971 29.2726 12.7347
v 7.7031 30.4829 12.189
v 8.20246 32.209 12.5873
v 8.41229 33.7561 13.5558
v 8.23271 35.3959 14.5367
v 8.91811 36.0137 15.6699
v 9.35058 36.721 16.863
v 7.45196 36.4367 15.9933
v 6.13771 37.2389 16.039
v -4.78854 24.3559 28.44
v -4.15304 23.0804 28.0803
v -2.25026 22.3346 28.1047
v -0.302553 21.7866 27.6391
v 1.56616 21.4237 26.7867
v 3.31816 21.2358 25.7336
v 3.7001 20.662 24.4227
v 3.99034 20.3113 23.0149
v 5.35979 20.6596 21.767
v 6.47391 21.1273 20.2112
v 7.55072 21.9831 18.7887
v 8.44693 23.1223 17.8532
v 9.52649 23.7156 16.8872
v 10.5766 24.1292 15.7107
v 10.8424 25.891 13.8022
v 11.6056 26.306 13.1022
v 10.9997 26.2314 13.0674
v 9.7564 26.8271 13.2206
v 8.85342 28.0033 13.1022
v 10.4446 24.1251 14.1571
v 4.71707 37.0869 16.4418
v 3.59813 37.107 17.9493
v 2.45451 37.4946 19.3827
v 1.40271 37.7279 21.004
v 0.399288 37.8197 22.7731
v -0.717755 37.2163 24.591
v -1.62059 35.719 27.6444
v -2.3293 33.7908 28.7506
v -3.21788 31.7723 29.3966
v -4.04895 29.6833 29.5381
v -4.68166 27.6622 28.9703
v -5.33175 25.7226 28.4906
v 7.79956 28.7597 11.3888
v 7.2298 29.9467 10.8998
v 6.85586 31.757 11.7839
v 7.33659 33.1147 12.8821
v 7.29324 34.4981 13.8963
v 6.92155 36.0145 14.8376
v 5.65799 36.446 15.131
v -5.94507 23.9297 27.7442
v -5.406 22.6022 27.5584
v -3.52222 21.8475 27.5937
v -1.60099 21.2778 27.2432
v 0.262327 20.9394 26.4629
v 2.05728 20.6205 25.5654
v 2.47626 20.0334 24.2097
v 2.83297 19.6644 22.7886
v 4.33979 19.9096 21.6731
v 5.47998 20.325 20.3211
v 6.27228 20.7501 18.2629
v 7.54822 22.2337 17.4301
v 8.57421 23.1109 16.8199
v 10.2108 22.9686 16.1984
v 9.78681 25.4084 13.7603
v 8.56915 26.2322 12.3924
v 8.28856 27.5065 11.8479
v 10.1613 22.2239 14.5003
v 4.41762 36.512 15.4428
v 3.40776 36.9375 16.7212
v 2.31483 37.5295 18.1149
v 1.23894 37.9951 19.662
v 0.12088 37.9151 21.3105
v -0.955384 37.7182 23.0491
v -1.97122 36.2858 25.8293
v -2.12741 37.2027 24.6727
v -2.18599 35.8309 26.7582
v -2.79264 34.8874 27.8709
v -3.69072 33.0956 28.7878
v -4.57112 31.0912 29.1882
v -5.27525 29.0413 28.9889
v -5.87917 27.0853 28.4728
v -6.39641 25.2945 27.7038
v 7.02782 28.1877 10.3198
v 6.46755 29.3237 9.84957
v 6.47218 31.0536 10.4581
v 6.33401 32.7991 12.2357
v 6.31867 33.8564 13.162
v 6.10996 35.1761 14.1721
v 5.06899 35.9 14.2115
v -7.22683 23.4967 27.2354
v -6.66253 22.1689 26.9514
v -4.78792 21.3785 27.0563
v -2.8771 20.7756 26.8007
v -1.00647 20.3937 26.157
v 0.825875 19.9242 25.396
v 1.23408 19.5276 23.9172
v 1.63089 19.1203 22.4792
v 3.23432 19.2681 21.4203
v 4.54315 19.7118 20.3653
v 5.14779 20.1117 18.9639
v 6.36495 21.5623 16.7016
v 7.66025 22.6274 16.4145
v 9.12343 22.205 16.3295
v 8.71558 23.7911 13.5275
v 8.66145 25.0229 13.0404
v 7.58928 25.7562 11.4887
v 7.41567 26.9768 10.8441
v 8.52903 22.3427 14.0619
v 9.28518 21.5788 15.6079
v 4.06049 36.1371 14.489
v 3.20775 36.7704 15.5536
v 2.21619 37.5662 16.8292
v 1.0839 38.0497 18.3129
v -0.0267126 38.3299 19.9442
v -1.16785 38.0384 21.5787
v -2.27884 37.5099 23.1609
v -3.42546 36.7363 24.5576
v -3.23986 36.0661 25.7714
v -3.13192 35.4756 26.8642
v -4.1252 34.2477 28.0222
v -4.97167 32.3398 28.4754
v -5.76752 30.4048 28.6203
v -6.45829 28.4516 28.4208
v -6.7718 26.6703 27.4743
v -7.59594 24.8967 27.0801
v 6.12446 27.6691 9.46573
v 5.89211 28.7475 8.75989
v 5.86095 30.4354 9.27256
v 6.11054 32.6466 10.8231
v 5.92403 32.164 9.72863
v 6.08133 33.1024 11.394
v 5.72815 33.7925 12.1472
v 5.27681 34.6955 13.2787
v 4.32161 35.4854 13.4006
v -8.37544 23.1458 26.3783
v -7.81969 21.8447 26.0954
v -6.00534 21.0186 26.3511
v -4.13345 20.354 26.2432
v -2.27145 19.9954 25.6932
v -0.477977 19.6472 24.9342
v -0.0298291 19.1841 23.5317
v 0.380959 18.7608 22.1016
v 2.04984 18.684 21.0883
v 3.61883 19.0135 20.1037
v 4.5551 19.6987 19.386
v 4.77152 20.1991 16.9315
v 4.23866 19.6504 17.9611
v 5.08733 20.9858 15.7339
v 6.81836 22.303 15.5059
v 8.22651 22.1425 16.0384
v 7.29279 23.8159 13.2535
v 7.50169 24.658 12.3015
v 6.462 25.3765 10.7504
v 6.39345 26.5264 10.0549
v 8.06043 21.6938 15.0899
v 6.99655 23.0168 14.2265
v 3.77594 35.931 13.7317
v 3.04525 36.5422 14.4119
v 2.07465 37.4238 15.552
v 1.02067 38.261 16.9522
v -0.199748 38.4111 18.5385
v -1.33175 38.5175 20.1999
v -2.47389 38.0493 21.7938
v -3.60443 37.2926 23.2467
v -4.58292 35.7132 25.7706
v -4.74043 36.3219 24.5348
v -4.39047 35.0597 26.9334
v -5.41713 33.5315 27.7953
v -6.28957 31.7088 28.1853
v -7.07713 29.8153 28.277
v -7.47591 27.9618 27.5564
v -7.79686 26.2545 26.6016
v -8.82122 24.517 26.406
v 5.58684 27.0945 8.43598
v 5.9251 28.0313 7.57742
v 6.01924 29.8437 7.97426
v 5.66384 31.6747 8.42169
v 5.0173 33.1617 9.13143
v 5.18894 33.4221 10.368
v 5.60841 33.9727 11.0911
v 4.78763 34.8473 12.1
v 3.38101 35.6358 12.3425
v -9.49484 22.7992 25.484
v -8.90987 21.5246 25.173
v -7.12774 20.7516 25.4871
v -5.31774 20.1123 25.4964
v -3.50848 19.6403 25.1608
v -1.73529 19.3128 24.4897
v -1.27052 18.8071 23.1507
v -0.858894 18.366 21.7474
v 0.785819 18.318 20.6957
v 2.47631 18.3673 19.6954
v 3.78637 19.3062 18.9326
v 3.08324 19.0996 17.1498
v 3.52072 19.6251 15.915
v 3.80896 20.5385 14.7573
v 5.32386 21.8923 14.6501
v 5.90818 23.6644 12.6886
v 6.28142 24.3976 11.6413
v 5.29618 25.1237 10.1089
v 5.39281 26.1374 9.29511
v 5.54539 22.9563 13.7741
v 3.00072 36.277 13.3609
v 1.9148 37.1956 14.3002
v 0.809281 37.9657 15.6202
v -0.333452 38.5944 17.1353
v -1.5087 38.5457 18.7584
v -2.6329 38.4145 20.3791
v -3.77516 37.8188 21.894
v -4.92567 36.9445 23.2594
v -6.04944 35.8074 24.4494
v -5.91177 35.1998 25.7032
v -5.6938 34.436 26.8063
v -6.67503 32.8408 27.4689
v -7.58447 31.116 27.8034
v -8.2383 29.2486 27.5972
v -8.65944 27.3874 27.0048
v -8.92807 25.816 25.8782
v -9.93622 24.166 25.5329
v 4.79464 26.5278 7.4421
v 5.10156 27.4835 6.53298
v 6.27122 29.0905 6.71692
v 5.81606 30.996 7.12889
v 5.16158 33.1051 7.40873
v 3.95714 34.1714 10.1136
v 3.8092 33.9896 8.83893
v 4.4614 34.7022 11.0081
v 3.04455 35.2456 10.9981
v -10.534 22.4905 24.503
v -9.9567 21.1934 24.2049
v -8.197 20.4406 24.6016
v -6.41945 19.8832 24.6875
v -4.68617 19.3972 24.512
v -2.96604 19.0215 23.9989
v -2.50478 18.4779 22.7446
v -2.11434 18.0597 21.3732
v -0.477414 17.9629 20.3138
v 1.13129 18.1677 19.2467
v 2.68572 18.8156 18.3807
v 2.06808 19.6492 15.2676
v 1.75348 18.8753 16.4925
v 2.48223 20.6319 14.1002
v 3.92601 21.6797 13.9096
v 4.60821 23.5365 12.0471
v 5.03441 24.2376 11.0161
v 4.39146 24.589 9.20587
v 4.55466 25.5818 8.35201
v 4.0298 22.9787 13.2972
v 1.66794 35.9941 12.0868
v 1.73813 36.6136 13.1872
v 0.556372 37.4333 14.4091
v -0.56724 38.1182 15.8335
v -1.70979 38.665 17.3403
v -2.80228 38.5759 18.944
v -3.9159 38.2116 20.5012
v -5.06799 37.4761 21.9287
v -6.17873 36.3808 23.1681
v -7.06466 34.4053 25.4276
v -7.20031 35.0136 24.2318
v -6.94015 33.7493 26.5474
v -7.90445 32.2337 27.0212
v -8.81537 30.5999 27.1605
v -9.44982 28.7251 26.9592
v -9.79797 26.8595 26.3058
v -9.89642 25.4424 24.9946
v -10.7924 23.8681 24.4438
v 4.13543 25.7894 6.40644
v 4.48773 26.7032 5.4462
v 5.41895 28.4734 5.62863
v 6.16222 30.2642 5.88347
v 5.60796 32.1578 6.15062
v 3.91957 34.2224 7.38195
v 3.07354 35.4032 8.50665
v 2.96821 35.1683 9.86056
v 1.53905 35.5251 10.9022
v -11.2994 22.3522 23.2913
v -10.7967 21.0336 22.9971
v -9.16757 20.1525 23.6288
v -7.43484 19.6199 23.8623
v -5.77108 19.246 23.7914
v -4.15812 18.7885 23.461
v -3.73493 18.3451 22.2685
v -3.3837 17.9365 20.9576
v -1.78078 17.8428 19.9055
v -0.186878 18.1395 18.8364
v 1.42405 18.496 17.8539
v 0.391924 18.9359 16.0091
v 0.640835 19.9489 14.8974
v 1.01536 20.7724 13.5995
v 3.18276 20.9759 12.5498
v 3.32852 23.3715 11.327
v 3.92437 23.9174 10.2202
v 3.27324 24.2565 8.40038
v 3.74933 24.9376 7.38782
v 2.66812 22.6516 12.5551
v 0.189055 35.9722 12.1768
v 0.337356 36.7641 13.2608
v -0.775621 37.3254 14.7405
v -1.91051 38.21 16.0039
v -2.98708 38.4675 17.5345
v -4.0063 38.2833 19.0828
v -5.13945 37.8204 20.548
v -6.30599 36.9316 21.8694
v -7.32682 35.6283 22.9826
v -8.34661 34.2426 24.0152
v -8.19178 33.6114 25.199
v -8.08446 33.1357 26.2778
v -9.01099 31.7572 26.405
v -9.99043 30.1138 26.3307
v -10.5109 28.1414 26.1171
v -10.7638 26.413 25.3896
v -10.807 25.1397 24.0873
v -11.4541 23.7098 23.2933
v 3.20436 25.1725 5.46473
v 3.66112 25.9961 4.44068
v 4.83057 27.6659 4.51
v 5.67111 29.4875 4.74592
v 6.02676 31.3557 5.01911
v 4.80179 33.9058 5.66966
v 5.52669 33.1448 4.96979
v 3.77225 34.6482 5.87533
v 2.7116 34.9156 7.26016
v 1.46848 35.2665 9.67635
v 1.48088 35.2797 8.39631
v 0.0710258 35.453 10.9142
v -11.8851 22.3772 21.9746
v -11.5043 20.9902 21.6452
v -9.96714 19.9708 22.4911
v -8.30821 19.4001 22.9442
v -6.74457 19.0813 23.0622
v -5.27705 18.7054 22.8584
v -4.92579 18.2297 21.8119
v -4.66917 17.8238 20.5672
v -3.08704 17.8741 19.5032
v -1.49934 18.1739 18.4428
v 0.0913306 18.5182 17.4119
v -0.596572 19.6177 14.2262
v -0.927498 18.9654 15.5589
v -0.202915 20.3141 12.9025
v 1.54748 21.1964 12.2213
v 2.12868 23.1722 10.485
v 2.74882 23.6576 9.43036
v 2.11728 23.9095 7.59784
v 2.69025 24.4652 6.52174
v 1.68409 22.265 11.469
v -1.17596 35.7464 12.4367
v -0.984385 36.5526 13.6329
v -2.1721 37.6409 14.7352
v -3.18664 37.8612 16.243
v -4.17281 38.1314 17.6596
v -5.17591 37.9848 19.1447
v -6.33665 37.2943 20.5029
v -7.48245 36.2364 21.7274
v -8.34492 34.7113 22.7049
v -9.10092 32.7095 24.9896
v -9.3421 33.2848 23.7636
v -8.79208 32.5187 25.8883
v -10.0421 31.5334 25.1595
v -10.9862 29.4097 25.4094
v -11.4075 27.5914 25.2138
v -11.5528 26.0853 24.4229
v -11.6827 24.9359 23.2697
v -12.0593 23.7205 22.1503
v 2.03134 24.8203 4.66849
v 2.60415 25.4498 3.55438
v 4.05237 26.915 3.4542
v 5.14925 28.6677 3.60151
v 5.88074 30.5197 3.87572
v 6.03115 32.3622 4.06143
v 5.71002 34.144 3.88738
v 4.91505 34.8984 4.42156
v 3.94129 35.6381 4.69361
v 2.63447 35.3419 5.90402
v 1.40725 35.4199 7.13492
v 0.0259766 35.3486 8.25683
v 0.00153298 35.284 9.59028
v -1.2809 35.3228 11.0219
v -11.8508 22.682 20.6047
v -11.0965 21.5629 20.2964
v -10.4938 19.9923 21.1657
v -9.02822 19.1617 21.912
v -7.52821 18.8797 22.3415
v -6.25396 18.6349 22.3229
v -6.06744 18.1781 21.4397
v -5.93542 17.99 20.2241
v -4.42927 17.8156 19.0958
v -2.81894 18.2085 18.0387
v -1.22625 18.5692 17.0017
v -2.26551 19.1091 15.1613
v -1.93573 19.5389 13.7334
v -1.5363 20.0569 12.3486
v 0.216582 21.038 11.6777
v 1.12003 22.5292 9.59385
v 1.58913 23.2716 8.61598
v 0.880999 23.6365 6.84713
v 1.43372 24.286 5.79218
v 0.740905 21.6553 10.5531
v -2.47458 35.1742 12.8855
v -2.19567 36.4624 13.944
v -3.30172 37.0292 15.1612
v -4.44992 37.6611 16.3024
v -5.13801 37.76 17.8752
v -6.33501 37.5014 19.1204
v -7.43009 36.5188 20.3803
v -8.55488 35.3791 21.494
v -9.42527 33.8761 22.4282
v -10.3234 32.277 23.4731
v -11.1948 30.4933 24.2707
v -11.9494 28.683 24.5905
v -12.1956 27.0453 24.4059
v -12.1607 25.946 23.4896
v -12.4571 24.917 22.3525
v -12.2424 23.9555 20.8655
v 0.742699 24.6928 3.98718
v 1.35331 25.1803 2.82083
v 3.11534 26.2338 2.48594
v 4.42485 27.8978 2.51334
v 5.479 29.6952 2.72285
v 6.16453 31.5243 3.00497
v 6.32399 33.3433 3.17362
v 5.37037 36.0452 3.53162
v 6.25888 35.2215 3.1225
v 4.27331 36.751 3.72786
v 2.85439 36.3639 4.89109
v 1.42888 35.9741 5.93761
v 0.0279565 35.6946 7.00855
v -1.38265 35.0213 9.57378
v -1.36261 35.0233 8.07512
v -2.52334 34.9092 11.2848
v -11.879 22.9963 19.1897
v -11.1983 21.8294 18.8658
v -10.4553 20.4147 19.84
v -9.45599 19.1694 20.6764
v -8.02707 18.6592 21.4376
v -6.96364 18.5921 21.9535
v -7.09639 18.2756 21.2303
v -7.13905 18.2692 20.0959
v -5.78221 18.1602 18.8227
v -4.16067 18.3768 17.6623
v -2.5459 18.72 16.617
v -3.29374 19.3575 13.2368
v -3.61532 19.2306 14.7435
v -2.91863 19.8401 11.8237
v -1.04779 20.5931 11.0353
v 0.0409328 21.8678 8.73646
v 0.436674 22.7855 7.79452
v -0.38216 23.3498 6.09373
v 0.140808 24.1621 5.11443
v -0.503369 21.1787 9.8377
v -3.58208 35.4682 13.9862
v -3.17423 36.5053 14.2642
v -4.69063 35.9374 15.3908
v -5.0984 37.4248 16.8353
v -6.07344 37.1708 17.7741
v -7.39057 36.6982 19.0363
v -8.46498 35.6577 20.1818
v -9.43441 34.3603 21.1275
v -10.4493 32.9576 22.0656
v -11.4408 31.396 22.9561
v -12.208 29.633 23.5279
v -12.5485 27.9002 23.7083
v -12.5545 26.6595 23.6958
v -12.8096 26.0427 22.6298
v -12.6484 25.1976 21.1635
v -12.3746 24.2525 19.5351
v -0.571918 24.6852 3.37138
v 0.0198155 25.1428 2.206
v 1.96601 25.7301 1.65357
v 3.57174 27.1647 1.48265
v 4.84882 28.9037 1.61761
v 5.90706 30.7023 1.84633
v 6.68612 32.4983 2.20614
v 7.04203 34.3527 2.60943
v 7.02176 36.3741 2.53028
v 5.89183 37.2444 2.78322
v 4.64684 37.8921 2.81929
v 3.09677 37.4094 3.87883
v 1.58367 36.891 4.91154
v 0.103893 36.3396 5.87642
v -1.33579 35.3959 6.67081
v -2.71565 34.5935 7.92564
v -2.88078 34.8439 9.70397
v -3.43403 35.8877 11.8938
v -3.27356 34.694 11.6336
v -11.9362 23.3327 17.7204
v -11.3236 22.1247 17.3892
v -10.4408 20.7422 18.4746
v -9.53853 19.5007 19.3697
v -8.34269 18.5902 20.2409
v -7.06272 18.7867 18.7614
v -5.57959 18.7633 17.3571
v -3.88024 19.0545 16.2741
v -5.02009 19.2661 14.3035
v -4.7318 19.3119 12.767
v -4.34974 19.6892 11.3107
v -2.44436 20.3444 10.4774
v -1.27115 21.4192 7.97996
v -0.816187 22.3706 6.99587
v -1.69946 23.1434 5.34395
v -1.16233 24.1041 4.47352
v -1.88075 20.8523 9.19486
v -4.20935 35.3766 12.7578
v -5.80435 36.8449 16.4662
v -7.14818 36.4254 17.766
v -8.35736 35.801 18.9465
v -9.41902 34.7671 19.9204
v -10.3563 33.4205 20.718
v -11.4329 32.0254 21.5371
v -12.4691 30.4725 22.3066
v -12.9953 28.6663 22.7816
v -12.9883 27.0408 23.0765
v -13.0491 26.4045 21.5411
v -12.7995 25.5238 19.9085
v -12.4477 24.6506 18.0517
v -1.89106 24.9158 2.84281
v -1.33246 25.4251 1.71838
v 0.632009 25.578 0.987876
v 2.55606 26.5293 0.52732
v 4.08046 28.1759 0.52873
v 5.36093 29.8661 0.766268
v 6.77223 31.5359 0.851519
v 7.49767 33.47 1.72917
v 7.76677 35.3186 2.11721
v 6.39027 38.4589 1.89783
v 7.89467 37.5652 1.73778
v 4.95314 39.0456 1.8653
v 3.33509 38.4207 2.83385
v 1.77833 37.8994 3.90581
v 0.212443 37.1974 4.83419
v -1.26749 36.1855 5.53169
v -2.87662 34.8366 6.17275
v -4.14928 34.432 9.30753
v -3.96863 34.2449 7.86494
v -3.68161 34.6512 10.7559
v -3.52678 34.6019 11.8415
v -11.853 23.8184 16.1983
v -10.9381 22.7412 16.0269
v -10.5566 20.988 17.0692
v -9.58609 19.7957 18.1011
v -8.3339 19.0547 19.0376
v -7.16185 19.2395 17.0724
v -5.25382 19.21 15.845
v -6.21392 19.5303 12.3519
v -6.42393 19.5581 13.8788
v -5.84621 19.7718 10.8589
v -3.88175 20.1687 9.93382
v -2.72533 21.2445 7.3394
v -2.16286 22.0913 6.2438
v -3.09115 23.1076 4.60463
v -2.50974 24.26 3.89183
v -3.3261 20.6523 8.60129
v -4.57708 34.9369 11.6255
v -5.26439 35.0616 13.4887
v -6.68919 35.2734 15.2361
v -6.88031 35.9182 16.5177
v -8.18271 35.6065 17.7508
v -9.26188 34.9013 18.7806
v -10.2685 33.8283 19.5324
v -11.2611 32.521 20.1747
v -12.3108 31.0486 20.898
v -13.2989 29.4119 21.5975
v -13.4905 27.5516 22.108
v -13.0954 26.8118 20.3642
v -12.8672 25.8904 18.6258
v -12.3189 25.3122 16.3836
v -3.1755 25.6036 2.48131
v -2.61383 26.104 1.38982
v -0.776951 25.8038 0.538332
v 1.28545 26.13 -0.261194
v 3.18312 27.5383 -0.526573
v 4.72831 29.1537 -0.321621
v 6.10359 30.486 -0.0118004
v 7.81277 32.7044 0.605332
v 8.41456 34.3775 1.45683
v 8.57821 36.211 1.72706
v 8.11264 39.0775 0.872717
v 6.65135 39.7621 0.935217
v 5.14087 40.176 0.828209
v 3.54009 39.4243 1.76017
v 1.95632 38.7678 2.75995
v 0.375916 38.1922 3.84253
v -1.18503 37.2158 4.61366
v -2.62704 35.8845 5.04044
v -3.93015 34.0883 6.50913
v -4.38417 34.4866 10.5741
v -5.09385 33.743 7.86985
v -5.30921 34.0744 9.25777
v -11.6109 24.1945 14.7592
v -10.485 23.542 14.7546
v -9.93823 21.7743 16.0119
v -9.5892 20.0827 16.896
v -8.41914 19.416 17.7544
v -6.66988 19.5232 15.4316
v -7.67577 20.297 13.5334
v -7.61229 20.1786 12.032
v -7.31369 20.2663 10.5363
v -5.36669 20.2028 9.4565
v -4.21158 21.224 6.77373
v -3.61879 21.9729 5.54065
v -4.78662 23.4061 3.86699
v -3.82671 24.7494 3.40395
v -4.8158 20.6719 8.09104
v -5.48501 34.6579 11.9972
v -6.73439 34.7406 13.656
v -8.28997 34.2141 15.5158
v -8.0001 35.0674 16.7121
v -9.02825 34.8305 17.7836
v -10.0446 34.0645 18.5688
v -10.922 32.9173 19.0154
v -11.9619 31.4852 19.4891
v -12.9998 29.8924 20.2427
v -13.4858 28.0959 20.8879
v -13.0201 27.2127 19.1196
v -12.8741 26.3562 17.2956
v -11.8468 25.3859 14.7639
v -4.20869 26.8527 2.43447
v -3.80935 27.1423 1.154
v -2.13626 26.322 0.169363
v -0.18626 26.0707 -0.735295
v 2.08356 27.0492 -1.68921
v 4.06954 28.5605 -1.44497
v 5.57485 29.8638 -1.06732
v 7.16788 31.3715 -0.519422
v 6.52437 30.7759 -0.674095
v 8.17478 32.1194 -0.592757
v 8.86185 33.5528 0.442818
v 9.20725 35.2092 1.16884
v 9.22408 36.5409 1.29468
v 9.23654 37.4165 1.1563
v 6.84685 40.8692 -0.178755
v 8.33986 40.2597 -0.0768389
v 9.48672 38.5509 0.585177
v 5.2307 41.1925 -0.32594
v 3.65238 40.4001 0.634509
v 2.10764 39.6398 1.60529
v 0.538403 38.9833 2.65382
v -1.05998 38.2598 3.67566
v -2.59399 37.0509 4.27725
v -3.98613 34.6001 5.01273
v -3.94301 35.6464 4.39951
v -4.1626 33.9999 5.52474
v -4.8903 33.4981 6.51977
v -5.45373 34.2432 10.6361
v -6.48671 33.5846 9.28791
v -6.2525 33.2751 7.86657
v -12.3311 23.9894 13.4539
v -10.9171 23.362 13.2397
v -9.56043 22.3802 14.6792
v -9.16272 20.6621 15.8643
v -8.7443 19.7001 16.8878
v -8.2625 19.7384 16.1079
v -7.78208 20.2619 14.9273
v -8.71733 21.2791 11.8401
v -8.59373 21.4476 13.2946
v -8.60457 21.167 10.3538
v -6.85419 20.5524 9.10031
v -5.72647 21.4963 6.36689
v -5.17215 22.079 4.99562
v -5.69455 24.5363 3.17527
v -4.96868 25.7104 2.99552
v -6.3087 20.9544 7.71039
v -6.71313 34.2146 12.1636
v -8.14343 33.9259 13.7541
v -9.12129 33.8215 16.704
v -8.73483 34.5851 17.0322
v -9.70389 33.9372 17.6427
v -10.5071 33.3014 18.3866
v -11.2815 31.9464 18.0114
v -12.4918 30.229 18.9096
v -13.1666 28.5504 19.6485
v -12.9729 27.5893 17.8882
v -12.3935 26.9166 16.6476
v -11.7733 26.607 15.9332
v -11.9778 25.4007 13.2584
v -11.0127 26.4985 14.6783
v -5.38017 28.8083 2.53045
v -4.98097 28.4344 0.822545
v -3.43318 27.086 -0.163079
v -1.62819 26.4322 -1.08672
v 0.397354 26.4478 -2.01355
v 3.34874 28.2001 -2.54748
v 5.19314 29.2126 -2.28789
v 6.4894 30.2735 -1.52271
v 7.42119 30.8457 -1.65925
v 8.52067 31.5357 -1.80539
v 9.29935 32.8865 -0.700662
v 9.84682 34.3685 0.342823
v 9.89348 35.9733 0.952154
v 10.3557 36.8644 0.677404
v 9.74689 39.5968 -0.148586
v 8.63428 41.1185 -1.00331
v 7.17111 41.8359 -1.5117
v 10.7486 37.883 0.23906
v 5.24844 41.9746 -1.55367
v 3.68695 41.2677 -0.518641
v 2.19643 40.498 0.434348
v 0.676096 39.7638 1.44895
v -0.891133 39.0887 2.52061
v -2.49371 38.2343 3.47189
v -3.97297 36.8608 3.87198
v -5.12089 35.3281 3.80748
v -4.96642 33.9617 4.01317
v -4.78369 33.366 5.27727
v -5.87254 32.7635 6.58472
v -6.63115 33.8559 10.7326
v -7.37765 32.5932 7.88272
v -7.64978 32.9497 9.30357
v -12.8414 23.8371 11.6187
v -11.189 23.1111 11.6681
v -9.59119 22.6118 13.2179
v -8.7965 21.1708 14.6877
v -9.70952 22.5112 11.7092
v -9.64107 22.3351 10.2457
v -8.26234 21.1982 8.87919
v -7.18601 21.9124 6.1288
v -6.68679 22.4208 4.84598
v -6.35954 23.1776 3.84319
v -6.42174 23.9829 3.3703
v -6.7663 25.4381 2.86723
v -6.11229 26.8335 2.88221
v -7.74239 21.4873 7.46588
v -8.01233 33.6074 12.231
v -9.42569 32.848 15.1964
v -9.37522 32.9676 13.6946
v -9.88361 32.7871 16.5371
v -10.3918 32.967 17.6427
v -11.9489 30.4603 17.5607
v -12.8317 28.905 18.3842
v -12.464 27.8659 16.8134
v -11.82 27.9045 15.7796
v -11.2077 26.5806 13.2114
v -12.1812 25.4424 11.6917
v -11.0952 27.8914 14.6427
v -5.8345 30.8418 1.33523
v -5.66666 29.9648 0.10782
v -4.56114 28.1425 -0.54505
v -2.93949 27.0554 -1.4344
v -1.06651 26.6634 -2.32998
v 1.94243 27.4935 -3.05324
v 0.748995 26.8477 -3.26313
v 2.98443 27.8583 -3.19835
v 4.85597 28.4152 -3.68237
v 6.4677 29.6497 -2.67284
v 7.71097 30.1535 -2.83099
v 8.96083 30.8073 -2.90941
v 9.72572 32.2654 -1.88264
v 10.4008 33.6461 -0.736051
v 10.7221 35.1731 0.276802
v 11.3621 36.1257 0.0773614
v 11.0749 38.9159 -0.440235
v 9.97507 40.5463 -0.958811
v 8.56215 42.0538 -2.29147
v 9.0758 41.5295 -1.65194
v 11.9777 37.1548 -0.166609
v 6.62001 41.7122 -3.00041
v 5.04971 41.695 -2.84437
v 3.67364 41.9586 -1.67143
v 2.22823 41.2918 -0.763303
v 0.763721 40.56 0.232685
v -0.749243 39.8481 1.3148
v -2.32501 39.2278 2.44648
v -3.91335 38.0588 3.15644
v -5.33247 36.5607 3.49134
v -6.20581 34.1515 3.01456
v -6.07112 35.1913 3.35288
v -5.49929 32.429 3.90353
v -5.61363 32.5492 5.24453
v -6.98741 32.1033 6.56191
v -7.85093 33.2856 10.7506
v -8.74749 32.2162 9.27446
v -8.4451 31.7592 7.90721
v -12.1381 24.0851 9.94086
v -10.8409 23.3106 10.1672
v -9.46726 22.1677 8.78097
v -8.49589 22.5823 5.98127
v -8.03272 22.9559 4.72503
v -7.65967 23.3973 3.55774
v -7.33845 24.3829 3.08828
v -8.01498 26.2343 2.82083
v -7.33546 27.5518 3.07311
v -6.65269 28.8617 3.42414
v -9.03096 22.2796 7.34103
v -9.27601 32.8892 12.1598
v -10.2282 31.7866 13.5875
v -10.229 31.6478 15.0634
v -10.8213 31.7593 16.4127
v -11.4692 30.5365 16.162
v -12.5158 29.1993 17.0914
v -11.9171 29.2405 15.8489
v -10.8939 27.9289 13.228
v -11.4548 26.7009 11.7477
v -11.9608 25.5295 10.1516
v -11.2207 29.2291 14.6614
v -6.13485 30.6096 3.13668
v -5.94292 32.3491 2.39806
v -7.18541 31.8985 0.496038
v -6.89782 30.9154 -0.638506
v -5.37605 29.3583 -1.13547
v -4.06394 27.9152 -1.81964
v -2.38604 27.1234 -2.65594
v -0.628961 26.8184 -3.57324
v 1.12185 26.9985 -4.56104
v 2.41076 27.3852 -4.31331
v 3.64145 27.7434 -4.17484
v 6.65122 28.799 -3.88159
v 8.05744 29.3404 -3.95535
v 9.39884 30.1094 -4.06921
v 10.2245 31.5498 -2.95623
v 10.9363 32.9871 -1.86539
v 11.4062 34.4532 -0.713042
v 12.306 35.3157 -0.645492
v 12.3635 38.1856 -0.795566
v 11.3613 39.9028 -1.14437
v 10.1603 41.2379 -1.74459
v 8.12765 41.5568 -3.29921
v 9.99453 41.8682 -2.58408
v 13.0472 36.3385 -0.766283
v 6.25765 40.7573 -3.9057
v 4.78276 40.9411 -3.81764
v 3.66907 41.6288 -2.76139
v 2.27481 41.9204 -1.89323
v 0.793843 41.3175 -1.03048
v -0.666645 40.612 0.103589
v -2.1642 40.0122 1.25158
v -3.7541 39.1852 2.23791
v -5.29574 37.8413 2.80031
v -6.55904 36.1214 3.0458
v -7.72418 35.0884 2.55251
v -6.38635 31.3491 4.0776
v -6.49696 31.6028 5.36034
v -8.10635 31.2648 6.55566
v -9.04186 32.5858 10.6875
v -9.40002 30.922 8.00956
v -9.6741 31.3409 9.25963
v -11.5494 24.2136 8.56109
v -10.4934 23.2524 8.70476
v -9.59818 23.484 5.90648
v -9.12319 23.7605 4.66242
v -8.79363 24.1506 3.64489
v -8.45538 25.0492 3.07213
v -9.29136 26.9505 3.26528
v -8.53178 28.2147 3.61028
v -6.3843 29.9051 3.69184
v -7.69293 29.3732 4.0121
v -10.1618 23.2229 7.24678
v -10.2517 31.8497 12.0951
v -10.8646 30.4565 14.8601
v -10.6903 30.5286 13.4627
v -10.922 29.2484 13.3311
v -11.1431 28.0163 11.8292
v -11.3925 26.8 10.3121
v -11.3896 25.5807 8.7739
v -7.57386 33.1777 1.63682
v -8.79924 32.2057 -0.0684231
v -8.44483 31.1772 -1.159
v -6.66119 30.0127 -1.74828
v -5.09226 28.7549 -2.34656
v -3.61889 27.6238 -3.03551
v -1.96429 26.8971 -3.89626
v -0.20893 26.8735 -4.88791
v 2.94637 26.7774 -5.60756
v 1.60352 26.4932 -5.84399
v 4.2757 27.0979 -5.38795
v 5.63567 27.4893 -5.19871
v 7.02509 28.0092 -5.20796
v 8.42445 28.6264 -5.24301
v 9.86259 29.4647 -5.38253
v 10.6508 30.9839 -4.02379
v 11.4736 32.2877 -2.94743
v 12.0844 33.7182 -1.74872
v 13.1616 34.4871 -1.46133
v 13.5982 37.4333 -1.1878
v 12.6938 39.2218 -1.48058
v 11.5255 40.8066 -1.92561
v 9.6513 41.3276 -3.59217
v 7.76418 40.5656 -4.1012
v 11.5712 41.628 -2.81743
v 14.0524 35.4799 -1.39806
v 5.87686 39.4496 -4.3272
v 4.43241 39.7583 -4.18555
v 3.37255 41.1439 -3.71546
v 2.65014 41.5895 -2.68975
v 0.910504 41.503 -2.63372
v -0.658697 41.3131 -1.16636
v -2.05891 40.7692 0.0379873
v -3.58069 40.1347 1.15549
v -5.17197 39.0735 1.98166
v -6.65928 37.5181 2.46469
v -8.03468 37.1057 2.10303
v -6.94567 30.3589 4.30973
v -7.53525 30.7976 5.28655
v -9.36713 30.1181 6.68497
v -9.99867 31.6659 10.6367
v -10.3127 30.4513 9.30865
v -10.0016 30.338 8.34984
v -11.106 24.302 7.13585
v -10.462 24.5206 5.82962
v -9.91629 24.6877 4.64787
v -9.51512 24.7797 3.79254
v -9.62379 25.6129 3.41926
v -10.0186 27.1896 4.60249
v -9.38667 28.5313 4.82981
v -8.5156 29.7549 5.14592
v -10.8196 30.6193 12.0252
v -11.039 29.3333 11.9201
v -11.2832 28.1374 10.4021
v -11.2614 26.9371 8.88701
v -11.2051 25.7078 7.30314
v -9.15788 33.4221 0.974865
v -10.2751 32.3433 -0.722814
v -9.94059 31.313 -1.74504
v -8.15066 30.2009 -2.21781
v -6.44568 29.093 -2.82653
v -4.89948 27.9116 -3.41492
v -3.27648 27.0295 -4.20984
v -1.55563 26.6959 -5.18929
v 0.244469 26.2713 -6.12964
v 2.06351 25.8123 -7.15328
v 3.43294 26.0899 -6.94634
v 4.78552 26.4089 -6.79341
v 6.09212 26.827 -6.66832
v 7.38186 27.3611 -6.62209
v 8.55578 27.9344 -6.56398
v 9.66339 28.5288 -6.54292
v 11.0098 30.4926 -4.97964
v 11.8462 31.6212 -3.97747
v 12.7537 32.8963 -2.77559
v 13.9714 33.6001 -2.32391
v 14.7644 36.6012 -1.63177
v 14.0235 38.5157 -1.80769
v 12.9533 40.1984 -2.23828
v 11.1935 41.0177 -3.83497
v 9.28538 40.3499 -4.33744
v 7.42479 39.2381 -4.408
v 13.1283 41.1161 -3.08766
v 15.0293 34.5444 -2.04096
v 5.32079 37.9365 -4.79
v 3.95189 38.6708 -4.81018
v 3.06387 40.0282 -4.11221
v 2.12093 41.2476 -3.37769
v -0.771619 41.4434 -2.61391
v -2.0195 41.4405 -1.20321
v -3.43854 40.933 -0.0289398
v -5.00467 40.1939 0.993539
v -6.57737 38.9335 1.68651
v -9.39052 35.0678 1.60821
v -9.47751 36.8773 1.57461
v -7.97475 38.712 1.33829
v -10.3261 29.6541 7.86195
v -10.6526 30.5822 10.5776
v -10.7609 29.4827 9.11859
v -10.7089 25.816 5.90339
v -10.1993 25.8445 4.57523
v -10.5294 27.2098 6.0309
v -10.0994 28.6242 6.22197
v -11.0319 29.3974 10.5049
v -11.1296 28.2659 8.9837
v -11.0325 27.0877 7.44314
v -10.6082 33.4979 0.242853
v -11.7479 32.2853 -1.30285
v -11.4128 31.2817 -2.30272
v -9.62524 30.2977 -2.75514
v -7.91981 29.14 -3.18033
v -6.27048 28.0221 -3.74673
v -4.61174 27.1158 -4.51589
v -2.89705 26.4444 -5.39388
v -1.12801 26.1318 -6.42337
v 0.681062 25.5861 -7.37997
v 3.87822 25.3857 -8.3318
v 2.4905 25.1316 -8.49046
v 5.23279 25.7182 -8.20305
v 6.51688 26.2048 -8.14144
v 7.74381 26.6911 -8.02663
v 8.8934 27.2512 -7.8755
v 9.90047 27.844 -7.71873
v 10.3802 28.8574 -6.73165
v 10.8206 29.4913 -6.21431
v 11.8513 31.1461 -4.71157
v 11.7149 30.3155 -5.71634
v 13.3025 31.9205 -4.04658
v 14.7427 32.7301 -3.33699
v 15.8697 35.6702 -2.15849
v 15.3232 37.7403 -2.14295
v 14.3462 39.5234 -2.57578
v 12.7213 40.6057 -4.17588
v 10.8095 40.0193 -4.55558
v 8.95789 39.0228 -4.62712
v 7.08538 37.7624 -4.59901
v 14.5991 40.4184 -3.42158
v 15.893 33.6139 -2.91943
v 4.51997 37.689 -6.17929
v 3.57293 38.4877 -6.11112
v 2.67955 39.0721 -4.80874
v 1.72057 40.2713 -4.01777
v 0.362095 40.5088 -3.88377
v -1.12347 40.5757 -3.80333
v -2.14099 41.478 -2.62029
v -3.32065 41.6146 -1.29348
v -4.8326 41.1275 -0.169086
v -6.443 40.2055 0.756204
v -10.8046 34.9883 0.863598
v -9.37258 38.4963 0.880272
v -10.8226 36.6467 0.942762
v -7.88524 40.134 0.424933
v -10.709 28.4505 7.5931
v -12.054 33.4173 -0.362789
v -13.245 31.9346 -1.62458
v -12.8739 30.9337 -2.63331
v -11.0581 30.3088 -3.31368
v -9.34443 29.2421 -3.71033
v -7.68593 28.0737 -4.1399
v -5.98604 27.1476 -4.8423
v -4.25982 26.4368 -5.69296
v -2.49935 25.926 -6.64226
v -0.709168 25.4219 -7.61301
v 1.08759 24.9337 -8.66625
v 2.8826 24.4542 -9.83076
v 4.30782 24.665 -9.71049
v 5.69853 24.945 -9.58206
v 7.01368 25.4006 -9.50336
v 8.25869 25.8953 -9.3616
v 9.38713 26.4906 -9.18848
v 10.3958 27.1968 -8.9733
v 10.7379 28.4749 -7.53276
v 11.5095 29.1989 -7.16554
v 12.571 31.0398 -5.12202
v 12.3917 29.9387 -6.65454
v 14.3934 31.2787 -5.1208
v 15.5679 31.9771 -4.4118
v 16.8111 34.6757 -2.92543
v 16.5316 36.8051 -2.57767
v 15.7248 38.7636 -2.87924
v 14.2143 40.0972 -4.56088
v 12.3006 39.6161 -4.83809
v 10.4669 38.7299 -4.82059
v 8.65086 37.587 -4.78856
v 5.43817 36.343 -5.05633
v 6.90361 36.2336 -4.80549
v 16.0276 39.6391 -3.75866
v 16.6848 32.8049 -3.94407
v 4.68503 36.4185 -6.21787
v 4.13264 37.638 -7.47772
v 3.22914 38.4011 -7.44034
v 2.36499 38.8852 -6.05822
v 1.37353 39.2128 -4.70577
v -0.0086849 39.2183 -4.51849
v -1.52136 39.2213 -4.39824
v -2.46172 40.7373 -3.71272
v -3.29881 41.5887 -2.59693
v -4.63706 41.8281 -1.46297
v -6.27832 41.266 -0.409698
v -12.2275 34.8405 0.266812
v -9.28355 39.9329 -0.0244588
v -10.7272 38.2559 0.428332
v -12.1262 36.4344 0.387368
v -7.76009 41.2379 -0.779355
v -13.5755 33.1114 -0.729501
v -14.715 31.397 -1.84003
v -14.2896 30.4324 -2.89036
v -12.4673 30.0458 -3.70913
v -10.7006 29.369 -4.34736
v -9.05877 28.2283 -4.70114
v -7.37039 27.21 -5.24832
v -5.6413 26.3958 -5.99088
v -3.88369 25.7988 -6.88114
v -2.10806 25.2805 -7.83398
v -0.327655 24.7835 -8.84992
v 1.44278 24.2967 -9.95657
v 4.71846 23.9502 -11.0909
v 3.22942 23.8338 -11.195
v 6.18045 24.1865 -10.9782
v 7.54873 24.6057 -10.8611
v 8.83124 25.1326 -10.7076
v 9.97861 25.8172 -10.5081
v 11.0114 26.5828 -10.2662
v 11.308 27.9274 -8.6964
v 12.1569 28.7321 -8.29779
v 13.3691 30.6523 -5.97694
v 13.0866 29.5031 -7.76326
v 15.1844 30.7263 -6.26863
v 16.3345 31.3807 -5.54373
v 17.5915 33.7368 -3.79127
v 17.5522 35.7396 -3.1991
v 17.0587 37.8586 -3.22218
v 15.6324 39.3756 -4.86346
v 13.7568 39.1555 -5.22267
v 11.9436 38.3764 -5.12306
v 10.158 37.3481 -5.04203
v 8.40637 36.1166 -5.03211
v 6.74556 34.7943 -5.26811
v 5.3957 34.9327 -5.39314
v 17.387 38.7126 -4.11304
v 17.4021 32.1534 -5.01742
v 4.75462 35.1872 -6.3553
v 4.33155 36.4423 -7.48253
v 4.05859 37.7301 -8.82599
v 3.01111 38.3901 -8.81153
v 2.05743 38.7869 -7.40048
v 1.05782 39.0097 -5.99474
v -0.308652 39.0494 -5.92932
v -1.73996 38.9516 -5.85571
v -3.22934 39.4033 -4.22466
v -3.30911 41.0978 -3.54134
v -4.43894 41.5341 -2.88507
v -6.0643 42.0886 -1.80333
v -13.8847 34.78 -0.160399
v -9.18686 41.0184 -1.24439
v -10.6507 39.6759 -0.460651
v -12.0016 37.9802 -0.00550829
v -13.3193 36.3361 -0.0239436
v -7.57415 41.8725 -2.27544
v -15.1028 32.5865 -0.986875
v -16.1935 30.9668 -2.19853
v -15.6838 30.0093 -3.27884
v -13.8148 29.5847 -4.02151
v -12.0749 29.3081 -4.89627
v -10.4258 28.3477 -5.3273
v -8.7501 27.3365 -5.78626
v -7.04125 26.3708 -6.35447
v -5.28112 25.7076 -7.16444
v -3.51396 25.1633 -8.06776
v -1.7484 24.6549 -9.03402
v 0.000833953 24.1837 -10.0951
v 1.73412 23.7362 -11.2676
v 3.52759 23.2696 -12.5446
v 5.15282 23.3097 -12.5936
v 6.65736 23.525 -12.4044
v 8.12373 23.8876 -12.2325
v 9.47851 24.4496 -12.0143
v 10.6061 25.2651 -11.7934
v 11.6351 26.143 -11.5152
v 11.9689 27.3843 -9.90238
v 12.8479 28.2442 -9.47017
v 14.0948 30.1747 -7.07974
v 13.7331 29.091 -8.92569
v 15.8422 30.3688 -7.48183
v 17.031 30.9773 -6.75345
v 18.2345 33.074 -4.69835
v 18.3082 34.6564 -3.925
v 18.2443 36.732 -3.66551
v 16.9618 38.6267 -5.20674
v 15.1712 38.6524 -5.64848
v 13.3933 37.9713 -5.51043
v 11.6228 37.0604 -5.40064
v 9.87357 35.9489 -5.3635
v 8.15232 34.7085 -5.51953
v 5.24636 33.6821 -5.85249
v 6.48509 33.4576 -5.86549
v 18.5801 37.58 -4.60194
v 18.1305 31.8081 -6.11575
v 4.84262 34.2664 -6.51523
v 4.46121 35.1802 -7.46616
v 4.1756 36.4551 -8.80021
v 4.01168 37.7994 -10.2194
v 2.86329 38.3991 -10.2097
v 1.8156 38.7766 -8.78794
v 0.781797 38.9589 -7.36521
v -0.549199 38.9932 -7.33382
v -1.8952 38.8709 -7.30717
v -3.17292 38.7546 -5.80325
v -4.12877 40.5997 -3.77685
v -5.77311 41.4152 -3.23475
v -15.477 33.981 -0.54173
v -8.99624 41.4335 -2.76637
v -10.5857 40.7655 -1.66593
v -11.9719 39.3579 -0.849456
v -13.2087 37.7244 -0.34821
v -14.7638 35.8862 -0.340006
v -14.0677 36.5213 -0.314975
v -7.16453 41.0685 -3.63429
v -16.5931 32.1849 -1.41454
v -17.6251 30.7516 -2.76305
v -17.0723 29.7191 -3.83123
v -15.1103 29.2219 -4.43673
v -13.3714 28.9746 -5.22917
v -11.7741 28.3589 -5.90908
v -10.1423 27.4072 -6.37692
v -8.43481 26.4414 -6.85653
v -6.69761 25.5994 -7.48769
v -4.92969 25.0309 -8.32691
v -3.17535 24.5286 -9.23704
v -1.4424 24.0638 -10.2334
v 0.25845 23.672 -11.3495
v 1.9508 23.2582 -12.6004
v 5.45511 24.6045 -13.5158
v 3.778 24.4882 -13.4683
v 6.83276 24.7081 -13.5023
v 8.2001 24.8494 -13.4874
v 9.55484 25.072 -13.4156
v 10.7211 25.6182 -13.1198
v 11.583 26.6231 -12.797
v 12.5752 27.1061 -11.1563
v 13.3656 28.0703 -10.6325
v 14.7176 29.8332 -8.25746
v 14.2189 28.9132 -10.038
v 16.3664 30.1208 -8.66452
v 17.6347 30.7782 -8.01672
v 18.9006 32.929 -5.63873
v 18.6619 33.9072 -4.5977
v 18.9907 35.4451 -4.4365
v 17.9618 37.6833 -5.5622
v 16.4762 38.0765 -5.94087
v 14.8253 37.5219 -5.91465
v 13.0713 36.7089 -5.79489
v 11.3271 35.7169 -5.73316
v 9.59607 34.5829 -5.83273
v 7.89174 33.3572 -6.11114
v 6.11833 32.3803 -6.76266
v 4.94828 32.963 -6.91197
v 19.4443 36.2608 -5.33298
v 18.691 31.934 -7.40924
v 4.60191 34.0122 -7.34539
v 4.29962 35.1382 -8.73293
v 4.107 36.4705 -10.1808
v 3.94479 37.8378 -11.6289
v 2.75325 38.4373 -11.6092
v 1.62945 38.7882 -10.1905
v 0.543605 38.9846 -8.76619
v -0.769451 39.0071 -8.7459
v -2.07074 38.8552 -8.72057
v -3.21838 38.5799 -7.27509
v -4.81872 38.7783 -4.48541
v -4.51217 38.3119 -5.88634
v -5.38672 40.0991 -3.9226
v -15.927 35.3061 -0.560942
v -16.8922 33.5554 -1.01817
v -8.5608 40.587 -4.01565
v -10.3585 40.9294 -3.20203
v -11.953 40.4273 -2.02582
v -13.1749 38.9782 -1.19737
v -14.1814 37.4914 -0.659915
v -15.1251 36.9974 -0.860067
v -6.75802 39.5758 -4.08624
v -17.9953 32.0334 -2.02925
v -19.0082 30.8289 -3.5312
v -18.3784 29.6787 -4.59528
v -16.32 28.959 -5.02266
v -14.5048 28.7094 -5.61112
v -13.1149 28.2365 -6.32185
v -11.624 27.4308 -6.99917
v -9.85148 26.4951 -7.43999
v -8.12535 25.5867 -7.94535
v -6.36731 24.9055 -8.6542
v -4.61445 24.3918 -9.47769
v -2.89141 23.9566 -10.3958
v -1.20355 23.6003 -11.4436
v 0.434912 23.3044 -12.6352
v 2.12831 24.4155 -13.4029
v 4.10129 25.0536 -14.709
v 6.10932 25.8735 -14.8352
v 7.14452 26.1594 -13.9926
v 8.27087 26.2645 -13.9774
v 9.47795 26.3549 -13.8538
v 10.4058 26.4315 -13.7057
v 10.8519 27.374 -13.4219
v 12.3546 27.7324 -12.2881
v 13.2165 28.6242 -11.6243
v 15.1915 29.6079 -9.35468
v 14.1344 29.4235 -10.9696
v 16.0994 30.8982 -9.59158
v 17.0453 31.7368 -8.86601
v 19.1001 33.3338 -6.76137
v 19.1915 34.1741 -5.1482
v 18.4547 36.5452 -6.15612
v 17.3552 37.5443 -6.04154
v 16.1898 37.0959 -6.29713
v 14.5175 36.3226 -6.221
v 12.7742 35.4268 -6.14191
v 11.0331 34.4073 -6.21466
v 9.29278 33.3028 -6.5045
v 7.49056 32.2011 -7.02359
v 4.696 32.5576 -8.17706
v 5.54737 31.5144 -7.86804
v 19.4695 34.7479 -6.18604
v 17.8087 32.7962 -8.20598
v 4.46429 33.8257 -8.5388
v 4.18063 35.0892 -10.0801
v 4.03362 36.4724 -11.5795
v 3.8428 37.8525 -13.0257
v 2.67608 38.5231 -13.0016
v 1.489 38.8334 -11.5892
v 0.338301 39.0198 -10.1713
v -0.984451 39.0241 -10.1519
v -2.28664 38.8512 -10.1295
v -3.30644 38.5606 -8.69688
v -4.47603 38.1435 -7.32278
v -5.46739 37.378 -5.95921
v -6.18993 37.9647 -4.6719
v -16.2272 36.5023 -1.05123
v -17.1196 34.8575 -1.03881
v -18.1659 33.3533 -1.60507
v -8.14229 39.1192 -4.24813
v -9.91307 39.9986 -4.31643
v -11.6923 40.3844 -3.54226
v -13.2534 39.9842 -2.33066
v -14.2896 38.5382 -1.48865
v -15.3748 38.0715 -1.65665
v -19.2866 32.1399 -2.70689
v -18.74 31.8734 -4.62368
v -18.1475 30.8965 -5.4934
v -17.5214 28.8676 -5.80805
v -15.516 28.4817 -6.19005
v -14.0723 28.3053 -6.38832
v -13.2878 27.483 -7.602
v -11.2669 26.4816 -8.0745
v -9.55214 25.5965 -8.50796
v -7.83473 24.7894 -9.06599
v -6.08108 24.2436 -9.79115
v -4.35682 23.8281 -10.5991
v -2.6719 23.5037 -11.5588
v -1.02904 23.3135 -12.6717
v 0.552085 24.4208 -13.4266
v 2.26074 25.0443 -14.7407
v 5.54109 25.1159 -15.5698
v 4.136 25.106 -16.1168
v 6.16259 27.5982 -13.3185
v 7.23394 27.6733 -13.4528
v 8.46611 27.7045 -13.5013
v 9.72841 27.6872 -13.6317
v 11.6459 28.8011 -12.9571
v 12.8073 29.3792 -12.1161
v 15.0615 30.1861 -10.265
v 13.6513 30.1218 -11.4558
v 15.2374 31.6801 -9.81226
v 15.952 32.4814 -8.97003
v 18.2621 33.9864 -7.48003
v 18.4901 35.2548 -6.77796
v 17.4149 36.7902 -6.54694
v 15.9329 35.9436 -6.62649
v 14.2054 35.114 -6.62795
v 12.4468 34.208 -6.68979
v 10.6885 33.2463 -6.97996
v 8.91995 32.2051 -7.42691
v 6.97049 31.1812 -8.09045
v 4.91776 30.9992 -9.21759
v 4.4774 32.3309 -9.57847
v 16.5584 33.4038 -8.1991
v 4.30088 33.7098 -9.89113
v 4.09183 35.061 -11.4814
v 3.9635 36.4723 -12.9799
v 3.75525 37.8653 -14.4078
v 2.62153 38.6057 -14.3885
v 1.38075 38.8843 -12.9814
v 0.164282 39.0388 -11.5699
v -1.19611 39.0503 -11.5494
v -2.53557 38.8437 -11.529
v -3.52944 38.5334 -10.0943
v -4.48447 38.1454 -8.69036
v -5.33909 36.8751 -7.49959
v -6.37282 36.508 -5.0374
v -5.59001 36.0836 -5.80904
v -7.71703 37.6626 -4.4693
v -16.4533 37.5154 -1.81181
v -17.2789 36.0273 -1.39428
v -18.2534 34.6283 -1.52433
v -19.3062 33.4559 -2.23284
v -9.52316 38.5727 -4.39016
v -11.2825 39.4065 -4.59399
v -13.0103 39.7893 -3.76716
v -14.4496 39.4541 -2.55562
v -15.5524 38.8818 -2.6746
v -19.0969 32.9397 -3.8771
v -17.6536 32.7929 -4.90872
v -17.0975 31.8668 -5.63128
v -17.4132 30.0759 -6.50918
v -16.4492 28.3649 -6.91861
v -14.5578 28.0425 -7.08233
v -12.6583 26.4803 -8.72949
v -10.9343 25.5996 -9.10255
v -9.27525 24.7588 -9.57022
v -7.55728 24.0944 -10.1634
v -5.83078 23.6714 -10.8439
v -4.16033 23.3786 -11.6769
v -2.513 23.1766 -12.7616
v -0.966693 24.3773 -13.4381
v 0.636986 25.0622 -14.7392
v 2.32577 25.0518 -16.2273
v 6.13119 26.7705 -15.964
v 6.03209 25.5517 -16.4256
v 5.08155 25.1217 -16.6035
v 5.34299 25.1228 -15.9653
v 4.90518 27.5214 -14.7321
v 4.88736 27.9546 -13.2404
v 6.34136 28.4239 -11.9071
v 7.53372 28.5918 -12.1158
v 8.78672 28.7187 -12.4069
v 10.1168 28.7463 -12.6844
v 11.62 29.7396 -11.8535
v 12.4397 29.9138 -11.8246
v 14.4749 30.9453 -10.6924
v 12.9085 30.474 -11.1643
v 14.13 31.964 -9.41879
v 14.7092 32.8141 -8.57401
v 16.9731 34.4755 -7.51656
v 17.2645 35.6116 -6.93181
v 15.6167 34.8165 -7.16274
v 13.8435 33.9988 -7.25037
v 12.0744 33.1278 -7.475
v 10.3075 32.2101 -7.90937
v 8.45903 31.247 -8.52731
v 6.23803 30.0951 -9.42389
v 4.29934 32.2552 -11.0309
v 4.53097 30.9017 -10.6794
v 15.2117 33.7498 -7.79285
v 4.16647 33.6368 -11.3029
v 4.02172 35.0329 -12.8946
v 3.92487 36.4766 -14.3758
v 3.72136 37.8888 -15.7897
v 2.58807 38.653 -15.7768
v 1.30444 38.9315 -14.3711
v 0.0225632 39.065 -12.9621
v -1.37926 39.085 -12.9413
v -2.76297 38.8441 -12.9194
v -3.79695 38.4745 -11.4959
v -4.64891 38.1078 -10.0559
v -5.2046 37.2596 -8.79081
v -5.56954 35.4292 -6.98206
v -7.37672 36.2733 -4.48694
v -5.85819 34.8535 -5.5704
v -6.25406 35.4918 -4.97686
v -9.09441 37.1608 -4.42754
v -16.6545 38.2916 -2.79516
v -17.4003 36.9232 -2.01057
v -18.1928 35.7149 -1.78701
v -19.2108 34.6105 -2.04042
v -19.2939 33.9281 -3.28613
v -10.9075 37.9853 -4.53351
v -12.6652 38.8426 -4.82328
v -14.2276 39.2284 -3.86705
v -15.272 38.6571 -3.85819
v -18.1838 33.7938 -4.4587
v -16.3858 33.5818 -4.77486
v -15.8114 32.5472 -5.33105
v -16.5209 31.1293 -6.63066
v -16.5735 29.3951 -7.56771
v -15.4608 27.8841 -7.85882
v -14.4333 27.2921 -8.57099
v -12.1844 25.5872 -9.75586
v -13.7642 26.4908 -9.51018
v -10.6276 24.7453 -10.1393
v -9.02699 23.9908 -10.6416
v -7.32871 23.5233 -11.1825
v -5.67296 23.2439 -11.8336
v -4.0638 23.1875 -12.806
v -2.48115 24.3142 -13.4034
v -0.930014 25.0486 -14.7294
v 0.663402 24.9425 -16.3063
v 2.21494 24.7168 -17.7685
v 3.72958 25.1494 -17.714
v 5.06465 27.4846 -16.2552
v 5.26763 26.3487 -17.1901
v 5.82129 26.9762 -17.101
v 4.46051 26.3128 -17.4153
v 4.26551 28.9359 -15.0672
v 4.27043 29.2459 -13.451
v 5.23328 28.6812 -11.8477
v 6.49153 29.2292 -10.6632
v 7.78753 29.4366 -10.8856
v 9.12846 29.5734 -11.2265
v 10.4284 29.6716 -11.6014
v 11.9617 30.5203 -10.9122
v 13.5059 31.1558 -10.3091
v 12.9371 32.1157 -8.9462
v 13.4148 32.9941 -8.02527
v 11.6584 32.1794 -8.4163
v 9.8956 31.302 -8.9663
v 8.01317 30.3174 -9.68184
v 4.80491 29.6963 -10.3592
v 4.28501 30.8042 -12.2172
v 4.15713 32.1562 -12.5115
v 4.07412 33.5817 -12.7479
v 3.98148 35.0126 -14.3102
v 3.9245 36.4836 -15.7711
v 3.70409 37.8948 -17.1796
v 2.58394 38.6856 -17.1662
v 1.26242 38.9705 -15.7605
v -0.0769407 39.0961 -14.352
v -1.51297 39.1213 -14.332
v -2.93689 38.8547 -14.3102
v -4.06264 38.4448 -12.8914
v -4.98128 37.9932 -11.4394
v -5.22009 37.1102 -10.0299
v -5.48155 35.7659 -8.55577
v -5.36918 36.4098 -9.05876
v -5.58515 34.5923 -8.14246
v -5.74237 34.0821 -6.59793
v -7.00068 34.9923 -4.63844
v -8.66997 35.7755 -4.49011
v -6.5074 33.8355 -5.12021
v -10.5032 36.5859 -4.50794
v -16.2434 37.9592 -3.90348
v -17.7896 37.5866 -2.85007
v -18.0846 36.4582 -2.1345
v -19.0651 35.7446 -2.32062
v -19.2969 34.6584 -2.86971
v -18.6071 34.6863 -3.88274
v -12.4331 37.3972 -4.68775
v -14.0686 38.3182 -4.77766
v -14.9294 38.1424 -4.52081
v -17.0362 34.6475 -4.675
v -15.0065 34.4042 -4.63589
v -14.3965 33.2344 -4.99008
v -15.2381 31.7194 -6.23493
v -15.8218 30.4214 -7.663
v -15.6831 28.7238 -8.54984
v -14.8174 28.0329 -9.44948
v -13.237 25.6802 -10.443
v -11.7858 24.809 -10.6638
v -14.0118 27.3179 -10.3124
v -10.3719 24.0029 -11.1405
v -8.72675 23.3639 -11.5967
v -7.08263 23.1709 -12.0304
v -5.61626 23.271 -12.861
v -4.03377 24.2594 -13.383
v -2.4782 25.0026 -14.651
v -0.904922 24.9298 -16.3028
v 0.709773 24.3115 -17.7934
v 2.19918 24.6019 -19.3052
v 3.35992 25.4535 -19.1898
v 4.95531 27.4276 -17.1657
v 4.42001 28.7946 -16.5313
v 5.16442 27.2272 -17.1617
v 4.34966 26.4334 -19.1411
v 4.10672 30.4881 -15.3185
v 4.14574 30.6272 -13.7472
v 4.4518 29.516 -11.8825
v 5.5173 29.1756 -10.8762
v 9.47595 30.4241 -10.0863
v 10.8026 30.4934 -10.5124
v 12.4338 31.3254 -9.93005
v 11.2264 31.3173 -9.45251
v 4.07217 32.066 -14.0163
v 4.02419 33.5273 -14.197
v 3.99395 34.9937 -15.7308
v 3.92662 36.4792 -17.1772
v 3.71302 37.8888 -18.5829
v 2.60816 38.702 -18.5618
v 1.2571 39.0073 -17.15
v -0.130834 39.1295 -15.7414
v -1.59114 39.1503 -15.7228
v -3.04387 38.8724 -15.7051
v -4.274 38.4425 -14.2763
v -5.14704 37.7271 -12.8607
v -5.25009 36.81 -11.3817
v -5.35308 36.0743 -9.99319
v -5.43099 35.0536 -9.68802
v -5.52983 33.825 -9.36248
v -5.71536 33.2532 -7.73142
v -6.1379 32.797 -6.0441
v -8.22725 34.4233 -4.71354
v -10.0392 35.2019 -4.57142
v -7.77199 33.145 -5.17605
v -11.9518 35.9636 -4.59167
v -15.5442 37.4406 -4.81202
v -17.2603 37.1522 -3.83413
v -18.4747 36.6392 -2.74893
v -18.8737 35.3564 -3.20906
v -17.6573 35.5529 -4.27626
v -14.2213 36.7913 -4.75749
v -15.7063 35.6013 -4.69818
v -13.5195 35.2958 -4.60955
v -12.9306 33.9447 -4.79477
v -13.8436 32.2429 -5.77916
v -14.6173 30.9815 -7.24714
v -15.0721 29.7576 -8.72177
v -14.3284 29.0714 -9.74962
v -13.2538 26.584 -11.2131
v -12.6993 24.8172 -11.4564
v -11.379 24.1872 -11.3652
v -13.5511 28.3365 -10.6917
v -10.1696 23.2711 -12.4194
v -8.22092 23.1509 -12.2154
v -7.18097 23.3715 -12.9231
v -5.64298 24.2345 -13.365
v -4.06039 24.9228 -14.5238
v -2.49959 24.9826 -16.1903
v -0.909623 24.2187 -17.7586
v 0.759012 24.0301 -19.3388
v 1.87382 25.3078 -20.388
v 2.85789 26.0713 -20.2974
v 5.1079 28.5112 -17.7335
v 4.33309 30.3544 -16.8441
v 4.99083 27.1816 -18.0907
v 4.91334 27.6815 -19.1179
v 3.63843 27.012 -20.1655
v 4.0867 31.9761 -15.5391
v 4.03833 33.4933 -15.6568
v 3.9944 34.9856 -17.16
v 3.92828 36.4746 -18.6008
v 3.74749 37.8787 -20.0066
v 2.66206 38.7072 -19.9649
v 1.28611 39.0351 -18.5398
v -0.142068 39.1704 -17.1306
v -1.6162 39.1787 -17.1145
v -3.09342 38.8985 -17.1002
v -4.39808 38.4232 -15.6748
v -5.1611 37.4783 -14.2577
v -5.26354 36.4815 -12.765
v -5.33538 35.652 -11.2305
v -5.35382 34.4641 -10.9978
v -5.40165 33.2185 -10.6926
v -5.63577 32.5258 -8.98832
v -5.9415 31.9291 -7.23868
v -7.32904 31.9392 -5.91818
v -9.58084 33.8765 -4.89332
v -11.4681 34.6084 -4.69925
v -9.13006 32.6291 -5.45725
v -16.6169 36.4455 -4.545
v -18.1628 36.2107 -3.5653
v -12.405 32.7984 -5.41048
v -13.2771 31.4508 -6.76733
v -13.9491 30.294 -8.29481
v -13.2477 29.6085 -9.33197
v -12.778 27.5973 -11.6282
v -12.4771 25.8491 -12.1283
v -11.7924 24.0666 -12.2973
v -12.5335 28.9204 -10.346
v -8.63468 23.4193 -12.912
v -7.21823 24.4254 -13.493
v -5.69196 24.8545 -14.4157
v -4.10929 25.0438 -16.0091
v -2.58925 24.4102 -17.6884
v -0.83545 23.9748 -19.3197
v 0.698021 24.7843 -20.4458
v 2.08745 25.1773 -21.5771
v 3.08682 25.9643 -21.5062
v 5.38226 30.2745 -17.8661
v 4.29478 31.9124 -17.1054
v 5.22773 28.8625 -19.0124
v 4.23589 28.0728 -20.1352
v 3.86934 26.9271 -21.4378
v 4.05965 33.4459 -17.1566
v 3.95714 34.9521 -18.6144
v 3.92245 36.4557 -20.0636
v 3.77907 37.8182 -21.4537
v 2.74478 38.7023 -21.3624
v 1.34795 39.0557 -19.9315
v -0.112153 39.2123 -18.5197
v -1.59593 39.2129 -18.5055
v -3.09164 38.9239 -18.5006
v -4.46472 38.4112 -17.082
v -5.16535 37.3209 -15.651
v -5.26875 36.2144 -14.1643
v -5.30194 35.2565 -12.6133
v -5.31334 34.0242 -12.3863
v -5.32415 32.7348 -12.1129
v -5.49872 31.9131 -10.3494
v -5.8305 31.2214 -8.55497
v -6.90514 30.9034 -6.94247
v -8.68923 31.5333 -6.29225
v -10.9778 33.3362 -5.12454
v -10.5049 32.1936 -5.81163
v -11.8892 31.8171 -6.2586
v -12.6777 30.731 -7.81291
v -12.0531 29.9982 -8.84518
v -11.7757 28.2393 -11.3572
v -11.9218 26.8479 -12.506
v -11.541 25.091 -12.9743
v -10.2709 24.4751 -13.3587
v -11.4036 29.2322 -9.84227
v -8.83421 24.3952 -13.4324
v -7.29479 25.8552 -13.851
v -5.59746 25.0157 -15.6498
v -4.32411 25.1656 -17.534
v -2.45118 24.3502 -19.2992
v -0.660902 24.8129 -20.4337
v 0.868318 24.6952 -21.6444
v 2.48405 24.7651 -22.7443
v 3.51009 25.6065 -22.6987
v 5.39445 29.9961 -18.872
v 5.16287 31.7779 -18.7161
v 4.60785 29.2633 -19.9245
v 4.39327 28.078 -21.3831
v 4.34168 26.6283 -22.6675
v 4.42009 33.4955 -18.6505
v 3.94973 34.9792 -20.1284
v 3.91166 36.4391 -21.562
v 3.78403 37.7046 -22.8624
v 2.87962 38.6802 -22.7445
v 1.4403 39.0682 -21.3186
v -0.0459295 39.2559 -19.9061
v -1.53186 39.2516 -19.8952
v -3.04462 38.9548 -19.9026
v -4.49552 38.4231 -18.4963
v -5.18014 37.2281 -17.0637
v -5.26629 36.0307 -15.573
v -5.27999 34.9623 -14.0201
v -5.28994 33.6824 -13.8231
v -5.29575 32.366 -13.5802
v -5.36524 31.4159 -11.7913
v -5.67269 30.6122 -9.95457
v -6.49499 30.0545 -8.18414
v -8.23873 30.6212 -7.35462
v -10.0223 31.2561 -6.76262
v -11.3539 31.0009 -7.26902
v -10.7997 30.2281 -8.3113
v -10.7269 28.5016 -10.8479
v -10.9489 27.4424 -12.2675
v -11.0294 26.1113 -13.3271
v -10.186 25.382 -13.713
v -10.2405 29.4457 -9.34558
v -9.09901 25.6324 -13.7123
v -6.75459 25.0005 -15.4348
v -5.78435 24.9032 -16.8446
v -3.86503 25.222 -19.305
v -2.05884 24.9829 -20.5491
v -0.468911 24.5144 -21.6587
v 1.18311 24.1791 -22.8914
v 3.16775 23.8678 -23.6673
v 4.28014 24.8901 -23.6488
v 4.76473 30.4724 -19.5227
v 4.64759 29.3446 -21.2689
v 4.98174 27.79 -22.6574
v 5.16179 25.9732 -23.6565
v 4.29735 31.9527 -20.3731
v 3.95644 33.4347 -20.1993
v 3.93404 34.9907 -21.7221
v 3.97045 36.3888 -23.056
v 3.85797 37.5117 -24.1792
v 3.06717 38.6355 -24.0649
v 1.56752 39.0667 -22.6837
v 0.0553568 39.2913 -21.2865
v -1.42824 39.2845 -21.2783
v -2.93054 39.0009 -21.2901
v -4.48003 38.4662 -19.9202
v -5.15586 37.1615 -18.4968
v -5.29228 35.8929 -17.0032
v -5.27976 34.7398 -15.4505
v -5.28313 33.4279 -15.2943
v -5.30868 32.0838 -15.1025
v -5.30635 31.0224 -13.3008
v -5.46589 30.1001 -11.4339
v -6.12049 29.3911 -9.58984
v -7.79022 29.7866 -8.51762
v -9.52636 30.43 -7.82371
v -9.65428 28.6959 -10.4276
v -9.91589 27.8086 -11.9285
v -10.0318 26.741 -13.3511
v -9.0345 29.6092 -8.91594
v -8.96554 27.136 -12.9744
v -7.03266 26.0616 -15.4937
v -7.02037 25.5261 -15.8874
v -6.71675 24.9279 -16.4563
v -5.48796 26.024 -17.9507
v -6.25451 25.8355 -17.0003
v -4.95634 26.26 -19.2632
v -3.48805 25.6012 -20.9388
v -1.82332 24.6615 -21.7879
v -0.274831 23.8964 -22.8311
v 1.7466 22.8561 -23.8066
v 4.15183 22.9923 -24.4479
v 5.22305 24.0211 -24.4148
v 4.58836 30.6457 -20.8528
v 5.48944 29.2511 -22.7821
v 5.92675 27.1286 -23.5971
v 6.26422 25.1327 -24.3125
v 4.58827 32.112 -22.041
v 3.98217 33.5192 -21.93
v 4.36604 35.0846 -23.2758
v 4.74816 36.52 -24.2315
v 4.47701 37.7554 -25.326
v 3.27456 38.474 -25.287
v 1.74895 39.0575 -24.0219
v 0.18255 39.3099 -22.6538
v -1.28061 39.3152 -22.6419
v -2.76475 39.0593 -22.6541
v -4.38422 38.5337 -21.3557
v -5.14599 37.153 -19.985
v -5.25436 35.7753 -18.4812
v -5.30191 34.5636 -16.9104
v -5.28843 33.2541 -16.8239
v -5.4857 31.8765 -16.6732
v -5.33213 30.7066 -14.8671
v -5.31852 29.6634 -12.9877
v -5.82138 28.8337 -11.1003
v -7.36398 29.0093 -9.7801
v -8.55407 28.8436 -10.07
v -9.09538 28.0607 -11.4833
v -7.69909 27.4074 -12.6532
v -8.58312 27.4968 -12.4374
v -6.59149 27.0836 -14.1204
v -6.68977 26.8276 -15.5998
v -7.08577 26.0567 -16.3706
v -7.07221 25.5101 -16.8019
v -6.94743 26.5783 -16.87
v -6.0559 27.2794 -17.5264
v -5.79347 27.4149 -19.2128
v -4.491 26.6887 -20.6335
v -2.97433 25.0107 -22.1229
v -1.66844 23.9117 -22.8992
v -0.0478197 22.7744 -23.7798
v 2.93781 22.1703 -24.6085
v 4.7893 22.3364 -25.6583
v 6.05609 23.316 -25.5249
v 5.13746 30.8083 -22.3025
v 6.54706 28.2588 -23.6038
v 7.03861 26.4011 -24.3046
v 7.07978 24.5515 -25.5534
v 5.60177 32.4832 -23.343
v 4.96472 33.7741 -23.3259
v 5.67886 35.5306 -24.0858
v 5.62668 36.9083 -25.3243
v 4.67395 37.5615 -26.5065
v 3.45348 38.2415 -26.3732
v 1.98357 39.0204 -25.3046
v 0.33653 39.3091 -23.9968
v -1.11634 39.332 -23.9888
v -2.56718 39.118 -23.9882
v -4.1567 38.6325 -22.6875
v -5.14678 37.272 -21.4911
v -5.21807 35.6861 -20.0767
v -5.2997 34.4153 -18.3855
v -5.94546 33.2206 -18.2837
v -6.49301 31.8571 -18.0046
v -5.53292 30.4575 -16.4813
v -5.31098 29.3065 -14.6126
v -5.63751 28.3592 -12.6863
v -6.98113 28.3046 -11.1312
v -8.09624 28.1136 -11.3582
v -6.72439 27.6036 -12.5961
v -5.66411 27.9376 -14.3124
v -5.77918 27.6622 -15.9758
v -6.28357 28.8082 -17.6783
v -6.22406 28.7822 -19.2287
v -5.28554 27.7032 -20.511
v -4.25762 25.6615 -22.3012
v -4.91915 26.6441 -22.0318
v -3.79006 25.0758 -22.5684
v -2.96163 24.1514 -23.0891
v -1.63088 22.8024 -23.7932
v -0.161399 21.4911 -24.5553
v 1.28611 21.6336 -24.6822
v 3.48105 21.7176 -25.8147
v 2.25125 21.5188 -24.9456
v 5.60808 21.5197 -26.9416
v 6.6119 22.864 -26.8744
v 6.65715 29.9361 -23.5566
v 6.17358 31.1865 -23.4097
v 7.07807 29.0377 -23.7705
v 7.56496 27.7115 -24.3487
v 7.84183 25.9168 -25.52
v 8.03575 23.8281 -26.8723
v 7.06475 32.9965 -23.9821
v 6.45431 34.3188 -23.9791
v 6.65503 35.8927 -25.3676
v 6.1393 37.106 -26.6376
v 5.27607 38.5437 -26.5674
v 4.22613 38.7953 -26.5208
v 2.51689 39.2982 -26.5621
v 0.530284 39.2485 -25.3215
v -0.94765 39.3003 -25.3214
v -2.36277 39.1071 -25.3246
v -3.94504 38.7289 -24.0112
v -5.11455 37.6684 -22.7889
v -5.23685 35.6574 -22.0043
v -5.1938 34.1988 -20.0117
v -5.3465 32.7589 -19.8208
v -5.7522 31.4581 -19.4741
v -6.56131 30.3038 -17.7804
v -5.43721 29.0101 -16.2692
v -6.1964 30.1691 -19.3102
v -5.71768 28.8476 -20.5214
v -5.5464 27.6917 -21.8504
v -5.79749 26.3176 -23.1856
v -5.16201 25.0205 -23.5147
v -4.03313 24.4306 -23.377
v -3.03698 22.9437 -23.8286
v -1.67961 21.5161 -24.5455
v -0.265156 20.6199 -25.7344
v 1.1392 20.8266 -25.7925
v 2.33333 21.1328 -25.8281
v 3.85483 20.9454 -26.9759
v 7.17153 20.8543 -26.9512
v 7.43813 22.0911 -26.9055
v 7.81404 30.2101 -24.2743
v 7.53242 31.6197 -24.1005
v 7.87317 28.9314 -24.4241
v 8.36474 27.3392 -25.5165
v 8.59667 25.5413 -26.865
v 8.68756 22.3179 -26.9102
v 8.07166 33.3752 -25.2569
v 7.42019 34.6824 -25.3127
v 7.72411 36.577 -26.6499
v 6.66386 38.2961 -26.599
v 5.39549 39.4939 -26.9073
v 3.99556 39.514 -26.8993
v 0.729781 39.2618 -26.6453
v -0.793829 39.313 -26.6583
v -2.25766 39.3701 -26.625
v -3.68702 38.7368 -25.3358
v -5.16174 38.1587 -24.0326
v -5.47378 36.5346 -23.1392
v -5.27705 33.9526 -21.8446
v -5.59728 32.2416 -21.8036
v -5.54713 31.1222 -20.9007
v -5.78372 30.0346 -20.6371
v -5.96943 28.7925 -21.7645
v -6.31354 27.4811 -22.9745
v -6.5838 24.7299 -23.9746
v -7.02575 25.9151 -23.8073
v -5.44757 23.6166 -24.0186
v -4.31842 23.2402 -23.9032
v -3.18188 21.7547 -24.6265
v -1.80059 20.6819 -25.768
v -0.396254 20.5661 -27.1852
v 1.02727 20.6975 -27.1579
v 2.42748 20.7606 -27.104
v 5.62109 20.4638 -28.2952
v 4.02495 20.4392 -28.3765
v 7.27772 20.4783 -28.277
v 8.44942 21.1219 -26.9449
v 8.76843 30.3541 -25.4899
v 8.55677 31.9189 -25.3105
v 8.67554 28.7956 -25.5225
v 8.98716 27.0541 -26.8643
v 9.27743 23.7982 -28.2181
v 9.29348 25.3069 -28.2825
v 9.25818 22.26 -28.2489
v 8.62536 33.6294 -26.7568
v 8.2868 35.0522 -26.6818
v 8.19172 38.125 -26.6079
v 6.86057 39.4868 -26.7599
v 5.48231 39.6836 -28.0286
v 3.93482 39.674 -28.0137
v 2.3816 39.6653 -27.937
v 0.819364 39.658 -27.9503
v -0.710594 39.6479 -27.973
v -2.18942 39.6314 -27.9676
v -3.71221 39.4269 -26.5363
v -4.94269 38.2441 -25.379
v -5.80737 37.0372 -24.2206
v -5.76966 35.0072 -23.5554
v -5.84 35.848 -23.6769
v -6.35009 33.7995 -23.3059
v -6.90041 32.4293 -23.3081
v -6.33833 31.0189 -22.543
v -5.93598 30.7286 -21.7623
v -6.03001 29.8702 -21.7658
v -6.64894 28.6694 -22.8558
v -7.45556 27.1911 -23.7298
v -6.30463 23.8543 -24.2514
v -8.14423 25.6041 -24.6493
v -7.51635 24.374 -24.8447
v -5.75696 22.7289 -24.8751
v -4.53964 22.1409 -24.7533
v -3.23584 21.1033 -25.9012
v -1.86932 20.4631 -27.1817
v -0.447904 20.4068 -28.6042
v 1.02434 20.4174 -28.5616
v 2.48477 20.4365 -28.4888
v 4.12611 20.5398 -29.8612
v 5.73089 20.5574 -29.773
v 7.33537 20.5992 -29.8422
v 8.89284 20.6394 -28.2602
v 9.01986 30.3915 -27.2883
v 9.01434 32.1503 -26.8539
v 8.93039 28.6218 -27.0143
v 9.2913 26.796 -28.3504
v 9.05065 23.6972 -29.8809
v 8.97163 25.1797 -29.8571
v 9.00114 22.1396 -29.8914
v 9.25152 33.9377 -28.1577
v 9.23203 35.3494 -28.0119
v 9.19845 36.7997 -27.8506
v 9.14825 38.2925 -27.8667
v 8.24525 39.3716 -26.5621
v 7.04472 39.6874 -27.952
v 5.54012 39.6595 -29.2949
v 3.96514 39.6675 -29.2964
v 2.4177 39.6864 -29.2582
v 0.865768 39.6913 -29.2895
v -0.645542 39.6709 -29.3064
v -2.15081 39.638 -29.2981
v -3.65451 39.6028 -27.9199
v -5.12753 38.9939 -26.5222
v -5.93213 37.3244 -25.5457
v -6.4387 36.1457 -24.3675
v -7.08827 35.1773 -24.2218
v -7.88127 34.0001 -24.0569
v -7.4628 31.1193 -23.5017
v -8.42375 32.5813 -24.1893
v -6.64442 29.8809 -22.7673
v -7.74107 28.4898 -23.6691
v -8.62399 26.8925 -24.5046
v -6.7699 23.3861 -24.9758
v -7.91933 24.3508 -26.2778
v -8.7136 25.5103 -25.9787
v -5.99305 22.1461 -26.0451
v -4.64163 21.6342 -26.0297
v -3.3783 20.5123 -27.1595
v -1.9292 20.4001 -28.6084
v -0.435786 20.4993 -30.0392
v 1.07478 20.5227 -29.988
v 2.59032 20.5397 -29.9177
v 5.77753 22.0266 -29.9687
v 4.19249 21.9824 -30.0206
v 7.38237 22.1109 -29.9158
v 8.84277 20.7574 -29.6623
v 9.2396 31.2098 -28.5833
v 9.26666 32.5251 -28.3189
v 9.28299 28.2573 -28.4341
v 9.25915 29.592 -28.6254
v 8.91586 26.5861 -29.8361
v 7.40871 23.566 -29.9115
v 7.38758 24.9808 -29.8963
v 8.81802 34.1779 -29.6489
v 8.82898 35.56 -29.5885
v 8.86798 36.9751 -29.5302
v 8.731 38.4496 -29.4332
v 8.49638 39.6435 -27.8707
v 7.08463 39.6441 -29.2524
v 5.59106 38.3744 -29.5393
v 4.00995 38.385 -29.5425
v 2.4543 38.3932 -29.5481
v 0.922589 38.3926 -29.5612
v -0.595381 38.3808 -29.5815
v -2.10726 38.3652 -29.6074
v -3.65724 39.6053 -29.2656
v -5.15862 39.5885 -27.8307
v -6.73593 38.2648 -26.5139
v -7.11447 36.5623 -25.2575
v -8.02191 35.4323 -25.1794
v -8.93857 34.182 -25.1292
v -8.94745 31.1433 -24.2371
v -7.77022 29.8021 -23.6218
v -9.61763 32.6935 -25.3197
v -8.99824 28.2569 -24.4061
v -9.37004 26.763 -25.7529
v -6.95648 23.2142 -26.2322
v -9.84979 25.1231 -26.9398
v -9.19934 23.4495 -26.977
v -6.71347 21.1958 -27.0718
v -4.90736 20.7588 -27.1312
v -3.42929 20.3866 -28.5825
v -1.9594 20.4796 -30.0456
v -0.447251 21.9296 -30.0538
v 1.08469 21.9444 -30.0402
v 2.62549 21.9617 -30.0293
v 4.21049 23.4143 -30.009
v 5.79372 23.4705 -29.9599
v 9.18874 30.4042 -29.0349
v 8.66902 31.4777 -29.7553
v 8.771 32.8038 -29.7055
v 8.82685 27.9815 -29.8203
v 8.69941 29.3209 -29.8112
v 7.36013 26.385 -29.8742
v 5.79425 24.8844 -29.9479
v 7.24929 34.3056 -29.6511
v 7.23482 35.666 -29.604
v 7.21207 37.0146 -29.5576
v 7.16981 38.3576 -29.5053
v 8.43988 39.585 -29.135
v 5.62297 37.0471 -29.5842
v 4.04726 37.0622 -29.6053
v 2.48939 37.0695 -29.6229
v 0.955607 37.0684 -29.6393
v -0.565939 37.0611 -29.6556
v -2.08399 37.052 -29.6718
v -3.62399 38.3571 -29.6439
v -5.16306 39.5804 -29.2025
v -6.67217 39.5357 -27.6922
v -7.56607 36.71 -26.3343
v -8.23365 35.2911 -26.2799
v -9.02861 34.0759 -26.2798
v -9.97868 31.0994 -25.4806
v -9.11506 29.6882 -24.3302
v -9.90765 32.7755 -26.7885
v -9.82405 28.0871 -25.6563
v -10.0275 26.5854 -27.0129
v -7.84002 22.4267 -26.9882
v -10.1971 23.504 -28.4644
v -10.2212 25.0073 -28.4875
v -6.5781 20.3711 -28.4975
v -4.98912 20.3783 -28.5327
v -3.48626 20.4686 -30.026
v -1.97801 21.9195 -30.0665
v -0.450315 23.352 -30.0403
v 1.08982 23.3629 -30.0265
v 2.63932 23.3828 -30.0168
v 4.20761 24.8262 -29.9852
v 8.54712 30.3964 -29.7856
v 7.23795 31.6313 -29.7357
v 7.25846 32.9456 -29.6913
v 7.33416 27.7698 -29.8481
v 7.27748 29.0922 -29.815
v 5.78292 26.2762 -29.925
v 5.67165 34.3609 -29.6667
v 5.64844 35.7075 -29.6269
v 4.0731 35.7261 -29.6446
v 2.51383 35.7327 -29.6609
v 0.978192 35.7331 -29.677
v -0.545607 35.7294 -29.6928
v -2.06722 35.7256 -29.7087
v -3.60896 37.0489 -29.6879
v -5.1596 38.3606 -29.6606
v -6.70493 39.5619 -29.1059
v -8.44547 38.5397 -26.5056
v -8.26747 39.526 -27.7497
v -8.77878 36.9006 -26.5555
v -9.14228 35.4738 -26.5997
v -9.44982 34.4639 -26.6274
v -9.91759 30.99 -27.0065
v -9.9589 29.554 -25.6321
v -10.1646 33.9813 -27.0683
v -9.84999 28.0124 -27.1143
v -10.2308 26.498 -28.5244
v -9.93485 21.9364 -27.0432
v -8.58631 21.6795 -27.0431
v -8.20195 20.3979 -27.106
v -10.1512 21.956 -28.5078
v -9.90438 24.9821 -30.065
v -9.94131 23.4717 -30.098
v -8.19277 20.3533 -28.5197
v -6.60762 20.4415 -29.9889
v -5.01561 20.4654 -30.0049
v -3.51611 21.9174 -30.0597
v -1.98991 23.3488 -30.0536
v -0.458165 24.7644 -30.0112
v 1.08429 24.7736 -30.0001
v 2.63582 24.7927 -29.9921
v 4.1933 26.2214 -29.9513
v 7.2351 30.3638 -29.7768
v 5.70388 31.6661 -29.7502
v 5.68857 33.012 -29.7054
v 5.76145 27.6518 -29.8863
v 5.73996 29.0115 -29.8406
v 4.09344 34.3809 -29.6826
v 2.53375 34.3872 -29.6986
v 0.996321 34.3887 -29.7144
v -0.529785 34.3874 -29.7303
v -2.05503 34.3878 -29.746
v -3.5972 35.7293 -29.7245
v -5.15394 37.0609 -29.7033
v -6.70658 38.3807 -29.6572
v -8.15678 39.5424 -29.0916
v -9.63586 39.4859 -28.0056
v -10.1256 38.5215 -26.8563
v -10.1296 36.7846 -26.7359
v -10.1786 35.2647 -26.919
v -10.261 32.2838 -28.3142
v -10.2572 30.8071 -28.4148
v -9.84837 29.4715 -27.1078
v -10.2682 33.6527 -28.2924
v -10.2387 27.9197 -28.5304
v -9.87121 26.4269 -30.0185
v -9.57304 20.6254 -27.101
v -9.83466 21.9303 -30.1027
v -9.76311 20.4157 -28.5933
v -8.29566 23.4335 -30.0942
v -8.31359 24.8818 -30.0584
v -8.19093 20.4632 -30.0532
v -6.64923 21.9319 -30.094
v -5.07109 21.9208 -30.0639
v -3.53717 23.3525 -30.0614
v -2.00089 24.7645 -30.0215
v -0.469129 26.166 -29.9728
v 1.0728 26.1732 -29.9637
v 2.62291 26.1909 -29.959
v 4.17615 27.6019 -29.9067
v 5.71333 30.3401 -29.7957
v 4.12795 31.6799 -29.7669
v 4.1115 33.0309 -29.722
v 4.15904 28.969 -29.8597
v 2.55124 33.0355 -29.7391
v 1.01186 33.0365 -29.7559
v -0.517512 33.0368 -29.7726
v -2.04734 33.0405 -29.7891
v -3.5902 34.3979 -29.7616
v -5.14935 35.7525 -29.74
v -6.7231 37.118 -29.7078
v -8.23277 38.4748 -29.6519
v -9.32732 39.4649 -29.0389
v -10.2509 37.8311 -28.3291
v -10.1801 38.7666 -28.663
v -10.2653 36.4712 -28.1609
v -10.2681 35.0233 -28.2217
v -9.77903 32.0846 -29.6725
v -9.7597 30.68 -29.763
v -10.2455 29.3461 -28.5076
v -9.76512 33.4379 -29.6035
v -9.8217 27.8519 -29.9641
v -8.31141 26.3127 -30.0177
v -8.25404 21.9578 -30.1032
v -9.63974 20.576 -29.8966
v -6.7115 24.8267 -30.0501
v -6.68785 23.3911 -30.0897
v -5.10292 23.3664 -30.0588
v -3.55269 24.7736 -30.0312
v -2.01242 26.1681 -29.9819
v -0.480269 27.5573 -29.9401
v 1.05982 27.5629 -29.9357
v 2.60785 27.577 -29.9265
v 4.14311 30.3269 -29.8133
v 2.5665 31.679 -29.7841
v 2.59357 28.9522 -29.8779
v 1.025 31.678 -29.8011
v -0.507804 31.6783 -29.8179
v -2.04214 31.6839 -29.8352
v -3.58835 33.055 -29.8053
v -5.14843 34.4285 -29.7768
v -6.72884 35.8124 -29.7551
v -8.28548 37.229 -29.7088
v -9.52829 38.6696 -29.5898
v -9.80881 37.5445 -29.6799
v -9.86438 36.1533 -29.6236
v -9.81477 34.794 -29.581
v -8.30704 31.9149 -29.8789
v -8.29979 30.5356 -29.9131
v -9.79353 29.2792 -29.8984
v -8.31104 33.2725 -29.8436
v -8.30891 27.7323 -29.9826
v -6.72948 26.2454 -30.0095
v -5.12311 24.7927 -30.0407
v -3.56577 26.1805 -29.9913
v -2.0228 27.5611 -29.948
v -0.490316 28.9394 -29.909
v 1.04774 28.9425 -29.8934
v 2.5803 30.3186 -29.8308
v 1.03648 30.3136 -29.8478
v -0.499098 30.3126 -29.8647
v -2.03733 30.3187 -29.8805
v -3.58891 31.7015 -29.8512
v -5.15308 33.0912 -29.821
v -6.73291 34.4944 -29.7915
v -8.31937 35.9559 -29.7615
v -8.31464 34.6165 -29.8047
v -6.74582 31.8075 -29.8736
v -6.74729 30.437 -29.9057
v -8.30573 29.141 -29.9477
v -6.73927 33.1602 -29.8363
v -6.73841 27.6531 -29.9747
v -5.13847 26.205 -30.0006
v -3.5765 27.5761 -29.9568
v -2.03098 28.9444 -29.9182
v -3.58794 30.3367 -29.891
v -5.1588 31.7391 -29.8617
v -5.16093 30.3735 -29.8981
v -6.74398 29.0509 -29.9402
v -5.15029 27.6052 -29.966
v -3.58396 28.9614 -29.9221
v -5.15806 28.9949 -29.9316
vn 0.604946 -0.0687089 0.793296
vn 0.530977 0.201851 0.822994
vn 0.557322 0.0637207 0.827848
vn 0.632009 -0.19628 0.749692
vn 0.563378 0.0244666 0.825837
vn 0.330755 0.315705 0.889343
vn 0.609842 0.147165 0.77874
vn 0.445311 0.332466 0.831363
vn 0.189432 -0.162229 0.968399
vn 0.746748 -0.077634 0.660561
vn 0.479227 -0.0978087 0.872224
vn 0.758933 -0.117201 0.640534
vn 0.233402 0.325552 0.916264
vn 0.0172416 0.12534 0.991964
vn 0.994498 0.0678607 0.0798077
vn 0.531725 0.199033 0.823198
vn 0.422492 0.463638 0.778807
vn 0.205544 -0.0858089 0.974879
vn 0.404908 -0.270521 0.873423
vn 0.65967 -0.139467 0.738502
vn 0.454118 -0.282151 0.845085
vn 0.995823 0.0886847 0.0217261
vn 0.662411 -0.244145 0.708241
vn 0.209806 0.297909 0.931253
vn 0.0754325 0.234236 0.969249
vn 0.126264 0.10369 0.986563
vn 0.910366 0.0522063 0.410497
vn 0.953777 0.280536 0.107744
vn 0.356693 0.544065 0.75945
vn 0.501993 0.0887359 0.860308
vn 0.550499 -0.0253647 0.83445
vn 0.264093 -0.260841 0.928556
vn 0.656944 -0.189951 0.729619
vn 0.582537 -0.37848 0.719308
vn 0.975901 -0.217579 -0.0166574
vn 0.906674 -0.0362801 0.42027
vn 0.479834 -0.286941 0.829111
vn 0.0818852 0.205782 0.975166
vn 0.108735 0.259368 0.959638
vn 0.151988 0.153709 0.976357
vn 0.449997 0.32714 0.830953
vn 0.96384 0.259208 -0.0618291
vn 0.899255 0.342662 0.271889
vn 0.750892 0.65905 0.0425936
vn 0.66862 0.223468 0.709232
vn 0.0644094 0.676643 0.733488
vn 0.600982 -0.0758544 0.795655
vn 0.469917 -0.21066 0.857205
vn 0.235209 -0.370328 0.898629
vn 0.707788 -0.137416 0.692931
vn 0.995596 0.041203 -0.0842052
vn 0.866563 -0.450976 0.213751
vn 0.983884 -0.178187 -0.0148601
vn 0.620405 -0.457962 0.636686
vn -0.267468 0.584528 0.766021
vn -0.0235828 0.413734 0.910092
vn 0.166308 0.266881 0.949272
vn 0.42405 0.257904 0.86814
vn 0.483836 0.295078 0.823912
vn 0.664294 0.235083 -0.709542
vn 0.800604 0.53121 -0.277218
vn 0.691715 0.71828 0.0748664
vn 0.795314 0.605898 0.0190584
vn 0.535741 0.709591 0.45767
vn -0.186367 0.931908 0.311149
vn 0.509455 -0.0790771 0.856856
vn 0.655342 -0.0921631 0.749689
vn 0.466117 -0.249475 0.848821
vn 0.267499 -0.545167 0.794505
vn 0.674281 -0.535025 0.509012
vn 0.985336 0.128474 -0.112282
vn 0.986183 -0.16176 0.0357435
vn 0.89572 -0.431224 0.108317
vn 0.720668 -0.127027 -0.681543
vn 0.74104 -0.611618 0.277099
vn -0.185029 0.787456 0.587943
vn -0.280434 0.637654 0.717464
vn 0.156569 0.47553 0.865655
vn 0.461814 0.262602 0.847212
vn 0.536236 0.327239 0.778053
vn 0.380508 0.168674 0.909265
vn 0.982676 -0.0196724 0.184285
vn 0.705719 0.52051 -0.480656
vn 0.605907 0.719739 -0.338899
vn 0.751744 0.659139 -0.0204073
vn 0.822171 0.569138 0.0107553
vn 0.0628328 0.979649 0.190633
vn -0.216535 0.975965 -0.0246071
vn 0.314708 -0.103659 0.943511
vn 0.559984 -0.115156 0.820461
vn 0.654458 -0.09329 0.750321
vn 0.517286 -0.442635 0.732455
vn 0.416964 -0.778317 0.469429
vn 0.441285 -0.846869 0.296784
vn 0.979119 -0.0291545 0.201187
vn 0.943118 -0.0937758 0.318958
vn 0.923925 -0.0330763 -0.381141
vn 0.996577 -0.0541105 -0.0624946
vn 0.798031 -0.569133 0.198078
vn 0.00429096 0.9987 0.0507839
vn -0.284216 0.576177 0.766317
vn 0.10545 0.800498 0.589986
vn 0.580806 0.382681 0.718484
vn 0.569244 0.233231 0.788393
vn 0.357814 0.235861 0.903515
vn 0.18388 0.07103 0.980379
vn 0.989116 -0.00882106 -0.146873
vn 0.885086 0.344297 0.31318
vn 0.90853 0.415847 -0.0405477
vn 0.94814 0.284034 0.142668
vn 0.924633 0.286327 0.251139
vn 0.554532 0.826398 0.0977757
vn -0.282624 0.957761 0.0530855
vn -0.228502 0.941991 0.245846
vn 0.148996 -0.0832286 0.985329
vn 0.412362 -0.203442 0.888014
vn 0.585468 -0.228796 0.77774
vn 0.729356 -0.284137 0.622339
vn 0.502685 -0.767064 0.398648
vn 0.502417 -0.846645 0.175414
vn 0.396667 -0.84074 0.368528
vn 0.962633 -0.250593 0.102668
vn 0.99605 0.0856152 -0.0235445
vn 0.942313 -0.00335871 -0.334718
vn 0.993985 -0.0993773 0.0460201
vn 0.835353 -0.52582 0.160306
vn 0.119839 0.977426 0.174005
vn -0.454378 0.860989 0.228558
vn 0.236625 0.677022 0.696886
vn 0.510915 0.757252 0.406861
vn 0.442842 0.354245 0.823651
vn 0.373202 0.203304 0.9052
vn 0.212676 0.118148 0.969954
vn 0.0750489 0.00428475 0.997171
vn 0.858804 0.178423 -0.480231
vn 0.918041 0.364303 -0.156472
vn 0.982416 -0.018872 0.185751
vn 0.953935 -0.0348703 0.297981
vn 0.899287 0.206493 0.385543
vn 0.532033 0.806949 0.256465
vn -0.190363 0.966428 0.172565
vn -0.0225939 0.934567 0.355068
vn 0.00698548 -0.16518 0.986239
vn 0.267732 -0.3226 0.907882
vn 0.458131 -0.380364 0.803392
vn 0.55279 -0.399035 0.73157
vn 0.630139 -0.699814 0.336431
vn 0.692186 -0.629452 0.353085
vn 0.49916 -0.819636 0.281134
vn 0.413098 -0.827472 0.380317
vn 0.536368 -0.79568 0.28143
vn 0.796516 -0.410618 -0.443796
vn 0.871328 0.236909 -0.429722
vn 0.943503 -0.327918 -0.0476704
vn 0.925204 -0.0389017 -0.37747
vn 0.647532 -0.566371 -0.50983
vn 0.0165755 0.903066 0.429182
vn -0.320882 0.894061 0.312553
vn 0.0883012 0.988583 0.122093
vn 0.578576 0.634573 0.512413
vn 0.327532 0.679535 0.656472
vn 0.299193 0.382062 0.874364
vn 0.279103 0.149684 0.948523
vn 0.10469 0.00803757 0.994472
vn -0.0506242 -0.0168435 0.998576
vn 0.394336 0.0013321 -0.918965
vn 0.735631 0.345246 -0.582798
vn 0.968806 0.219891 -0.114293
vn 0.997884 0.0458518 -0.0461048
vn 0.906878 0.420704 0.024088
vn 0.48034 0.857973 0.182091
vn -0.0686114 0.99176 0.10819
vn 0.0446113 0.945629 -0.322173
vn -0.00697976 -0.216707 0.976212
vn 0.103112 -0.400432 0.910506
vn 0.320136 -0.465732 0.824989
vn 0.46379 -0.539366 0.702839
vn 0.598692 -0.697146 0.394405
vn 0.697958 -0.507107 0.505665
vn 0.743463 -0.544464 0.388358
vn 0.706591 -0.634867 0.312528
vn 0.523432 -0.829754 0.193717
vn 0.145453 -0.971097 0.189246
vn 0.393195 -0.774397 -0.495689
vn 0.966446 -0.175198 -0.187852
vn 0.958261 0.0939848 -0.270004
vn 0.759416 -0.342796 -0.552971
vn 0.411035 -0.144784 -0.900049
vn 0.632499 -0.774551 0.00399634
vn -0.142876 0.959482 -0.242858
vn -0.164703 0.928096 0.333931
vn 0.151356 0.923744 0.351835
vn 0.365624 0.929526 0.0479558
vn 0.393609 0.703336 0.591938
vn 0.256803 0.565718 0.783591
vn 0.236744 0.341946 0.909409
vn 0.110653 0.0519467 0.992501
vn -0.055038 -0.0873261 0.994658
vn -0.0691 -0.0224127 0.997358
vn 0.546491 -0.0068981 -0.837437
vn 0.483624 0.164331 -0.859711
vn 0.491814 0.51449 -0.702438
vn 0.714112 0.56265 -0.416496
vn 0.798738 0.520875 -0.301176
vn 0.420416 0.85581 -0.301398
vn -0.021475 0.934784 -0.354567
vn 0.123321 0.931544 -0.342079
vn -0.158474 -0.273021 0.948865
vn 0.101293 -0.331078 0.938151
vn 0.219163 -0.463627 0.858497
vn 0.412334 -0.578765 0.703571
vn 0.524428 -0.643153 0.557969
vn 0.594731 -0.588719 0.547453
vn 0.637683 -0.693252 0.335802
vn 0.770284 -0.583391 0.257521
vn 0.75564 -0.636336 0.155194
vn 0.480068 -0.877171 0.0102999
vn 0.143874 -0.954406 -0.261552
vn 0.615071 -0.766414 -0.185192
vn 0.98629 0.127477 -0.104793
vn 0.86551 0.135233 -0.482292
vn 0.651931 -0.187758 -0.734665
vn 0.50634 -0.120168 -0.85392
vn 0.454057 -0.890961 -0.00452641
vn -0.0398421 0.981996 -0.184653
vn -0.122025 0.992133 -0.0279551
vn 0.0513485 0.960457 0.273653
vn 0.436757 0.868798 0.23331
vn 0.203906 0.965827 0.160002
vn 0.0774992 0.758226 0.64737
vn 0.133494 0.520539 0.843338
vn 0.01374 0.263088 0.964674
vn -0.0534571 -0.0313634 0.998078
vn -0.117864 -0.0291919 0.992601
vn -0.245041 -0.125989 0.961292
vn 0.392873 -0.187654 -0.900243
vn 0.441213 0.100009 -0.891812
vn 0.23722 0.5967 -0.7666
vn 0.223294 0.67333 -0.704816
vn 0.225594 0.828838 -0.511991
vn 0.302402 0.853446 -0.42448
vn 0.010109 0.907155 -0.420676
vn 0.37623 0.888166 -0.26384
vn -0.348074 -0.378267 0.857764
vn -0.138741 -0.487719 0.861906
vn 0.135717 -0.587619 0.797675
vn 0.30541 -0.676359 0.670271
vn 0.460633 -0.652682 0.601518
vn 0.42933 -0.740291 0.517344
vn 0.448074 -0.844698 0.292773
vn 0.606565 -0.747002 0.272152
vn 0.769902 -0.60646 0.198638
vn 0.86156 -0.497018 0.103381
vn 0.597448 -0.788658 0.145169
vn 0.643105 -0.756497 0.11886
vn 0.932103 -0.294381 0.211009
vn 0.401293 -0.876846 -0.264773
vn 0.938802 0.160254 -0.304908
vn 0.255857 0.625215 -0.737322
vn 0.51084 0.132325 -0.849431
vn 0.414862 -0.14307 -0.898566
vn 0.998401 -0.0414275 -0.0384684
vn -0.0709675 0.994086 -0.0822025
vn -0.118074 0.964465 -0.236359
vn -0.0114594 0.994068 0.108152
vn 0.374548 0.918225 0.128748
vn 0.313343 0.902834 0.294461
vn -0.0397306 0.933483 0.356413
vn 0.11356 0.735192 0.668279
vn -0.0625226 0.449679 0.890999
vn -0.124623 0.196357 0.972581
vn -0.121913 -0.121549 0.98507
vn -0.305706 -0.0154967 0.952
vn -0.400646 -0.18249 0.897876
vn 0.891026 0.231326 -0.390591
vn 0.421254 0.0843924 -0.903008
vn 0.155282 0.509068 -0.846603
vn 0.195119 0.518698 -0.832394
vn 0.203613 0.844384 -0.495537
vn 0.0713781 0.888664 -0.452969
vn 0.294099 0.755129 -0.585906
vn -0.322624 -0.332021 0.886384
vn -0.217028 -0.529387 0.820151
vn -0.0262531 -0.699966 0.713693
vn 0.12385 -0.785506 0.606335
vn 0.278824 -0.751311 0.598154
vn 0.340255 -0.820459 0.459427
vn 0.403237 -0.860536 0.311252
vn 0.494334 -0.808929 0.318224
vn 0.62099 -0.752829 0.218221
vn 0.711226 -0.692461 0.121059
vn 0.830777 -0.55128 0.0768154
vn 0.623471 -0.745348 0.236093
vn 0.766991 -0.167704 0.619355
vn 0.800381 -0.216994 -0.558842
vn 0.15224 -0.914043 -0.375962
vn -0.105943 -0.476405 -0.87282
vn 0.70493 0.16138 -0.690674
vn 0.869831 0.253008 -0.423534
vn 0.981007 -0.193942 -0.00345659
vn -0.174018 0.830983 -0.528379
vn -0.150168 0.980823 -0.12424
vn 0.12808 0.978556 -0.161318
vn 0.370359 0.922565 0.108205
vn 0.223498 0.971845 0.0746008
vn 0.0451629 0.939792 0.338749
vn -0.114136 0.856181 0.503912
vn -0.214125 0.920376 0.327197
vn -0.149019 0.533144 0.832797
vn -0.177392 0.369927 0.911968
vn -0.213707 0.150396 0.965252
vn -0.271537 -0.181326 0.945192
vn -0.385824 -0.0973039 0.917427
vn -0.495378 -0.184059 0.848954
vn 0.771839 0.117354 -0.624894
vn 0.807117 0.385629 -0.447049
vn 0.312931 0.526043 -0.790792
vn 0.17618 0.58599 -0.790934
vn 0.086865 0.540549 -0.836816
vn 0.204208 0.63388 -0.745986
vn -0.302032 -0.286668 0.909175
vn -0.19684 -0.450518 0.870797
vn -0.0454188 -0.630284 0.775035
vn 0.132902 -0.753269 0.644145
vn 0.204423 -0.717585 0.665795
vn 0.342414 -0.852668 0.394601
vn 0.304912 -0.895692 0.323674
vn 0.403006 -0.841609 0.359555
vn 0.554416 -0.802395 0.220872
vn 0.574245 -0.816342 0.0618666
vn 0.675526 -0.695229 -0.245604
vn 0.634734 -0.768959 -0.0762486
vn 0.301043 -0.396429 0.867304
vn 0.442314 -0.178532 -0.878911
vn 0.616689 -0.298548 -0.728399
vn 0.750132 -0.167793 -0.639647
vn 0.776464 0.0258249 -0.629632
vn 0.309883 -0.273222 -0.910671
vn 0.684076 -0.644031 0.342438
vn -0.00174163 0.896046 -0.443959
vn -0.0160853 0.947393 -0.319668
vn 0.380505 0.920284 -0.0910661
vn 0.383166 0.923609 -0.0114211
vn 0.243108 0.946661 0.211498
vn 0.0340062 0.99022 0.135309
vn -0.0578592 0.962763 0.264083
vn -0.251303 0.785743 0.565203
vn -0.20929 0.870603 0.44525
vn -0.384353 0.785384 0.485227
vn -0.202816 0.524616 0.826828
vn -0.352665 0.329552 0.875799
vn -0.447885 0.0670352 0.891575
vn -0.347944 -0.137491 0.927379
vn -0.632191 -0.145149 0.761095
vn -0.399186 -0.0533664 0.915315
vn 0.803204 -0.0253824 -0.595163
vn 0.778471 0.207557 -0.59237
vn 0.893099 0.277087 -0.354397
vn 0.864457 0.467107 -0.185808
vn 0.519364 0.574176 -0.632916
vn 0.284076 0.610143 -0.739613
vn 0.401451 0.602851 -0.689498
vn -0.479459 -0.375336 0.793248
vn -0.264396 -0.519307 0.812659
vn -0.101724 -0.643901 0.758316
vn 0.0549167 -0.780502 0.622736
vn 0.0607438 -0.775798 0.628051
vn 0.122287 -0.940631 0.316638
vn 0.164973 -0.934 0.316903
vn 0.318112 -0.87726 0.359472
vn 0.484759 -0.83691 0.254146
vn 0.555621 -0.831433 0.00226165
vn 0.479624 -0.867542 -0.131651
vn 0.581786 -0.7379 -0.342095
vn 0.583218 -0.773087 -0.249386
vn -0.124736 -0.580357 0.804752
vn 0.365261 -0.545597 -0.75426
vn 0.651432 -0.404683 -0.641769
vn 0.627895 -0.332759 -0.703576
vn 0.683519 -0.146274 -0.715127
vn 0.084484 -0.875869 -0.475096
vn -0.109162 -0.515167 -0.85011
vn -0.236723 -0.816198 0.527051
vn 0.168344 0.862455 -0.477318
vn 0.259033 0.911139 -0.320511
vn 0.469081 0.865835 -0.174047
vn 0.453902 0.88918 0.0577215
vn 0.26641 0.963729 0.0159055
vn 0.171195 0.942317 0.287629
vn -0.0359332 0.955278 0.293518
vn -0.244608 0.920081 0.305972
vn -0.247787 0.844082 0.475529
vn -0.234126 0.837492 0.493754
vn -0.263175 0.763797 0.589366
vn -0.39012 0.372942 0.841855
vn -0.424012 0.240312 0.873192
vn -0.354859 0.0307429 0.934414
vn -0.591903 -0.293969 0.750488
vn -0.578053 0.0885773 0.811177
vn -0.51464 -0.111828 0.850082
vn 0.980645 -0.149212 -0.126775
vn 0.974476 0.0924182 -0.204585
vn 0.933796 0.052701 -0.353903
vn 0.750561 0.587695 -0.302114
vn 0.734367 0.385035 -0.558975
vn 0.866616 0.497459 -0.0388726
vn 0.656672 0.695974 -0.290521
vn 0.509476 0.833896 -0.212255
vn -0.506786 -0.400445 0.763421
vn -0.374126 -0.603937 0.703768
vn -0.21768 -0.719815 0.659153
vn 0.00889449 -0.823585 0.567123
vn 0.0575371 -0.84886 0.525477
vn 0.138909 -0.918383 0.370509
vn 0.187598 -0.923006 0.335956
vn 0.163383 -0.926381 0.3393
vn 0.370736 -0.879942 0.297082
vn 0.568568 -0.81977 -0.0686138
vn 0.509207 -0.856934 -0.0798236
vn 0.521773 -0.835438 -0.172616
vn 0.584648 -0.721271 -0.371422
vn 0.523243 -0.758835 -0.387796
vn -0.267258 -0.826286 0.495807
vn 0.360617 -0.781541 -0.509067
vn 0.528066 -0.577717 -0.622406
vn 0.572039 -0.473163 -0.669991
vn 0.795642 -0.323593 -0.512096
vn -0.438413 -0.718613 -0.539805
vn 0.246995 -0.818484 -0.518726
vn 0.494803 0.809244 -0.316691
vn 0.422541 0.859377 -0.287975
vn 0.495484 0.838659 -0.226158
vn 0.426516 0.880396 -0.207333
vn 0.269492 0.955869 0.116996
vn 0.126326 0.991737 0.0223391
vn 0.00990042 0.957513 0.288222
vn -0.129658 0.917159 0.376839
vn -0.252421 0.866583 0.430485
vn -0.347461 0.825637 0.444516
vn -0.367361 0.757054 0.540292
vn -0.420041 0.642993 0.640411
vn -0.390336 0.367246 0.844256
vn -0.341191 0.186545 0.921298
vn -0.488941 -0.221715 0.84367
vn -0.361188 -0.402108 0.84134
vn -0.55473 0.23716 0.797515
vn -0.566756 -0.205944 0.797731
vn 0.773013 -0.553278 -0.310379
vn 0.981583 -0.0870861 0.170035
vn 0.982588 0.183744 0.0275381
vn 0.895867 0.433281 -0.0984351
vn 0.563838 0.798184 -0.212105
vn 0.463339 0.593623 -0.657973
vn 0.651596 0.74731 -0.130193
vn 0.387767 0.870365 -0.303484
vn -0.547932 -0.419062 0.723988
vn -0.389093 -0.620176 0.681167
vn -0.27214 -0.761879 0.587775
vn -0.127186 -0.850628 0.510152
vn 0.0247786 -0.870933 0.490777
vn 0.0845064 -0.913026 0.399052
vn 0.13554 -0.934662 0.328688
vn 0.181713 -0.92754 0.326573
vn 0.144596 -0.969369 0.198532
vn 0.505061 -0.844597 -0.177677
vn 0.456143 -0.886716 -0.0752906
vn 0.246226 -0.885235 -0.394629
vn 0.234933 -0.786719 -0.570859
vn 0.525316 -0.630048 -0.571911
vn 0.374251 -0.750377 -0.544858
vn 0.318826 -0.832939 -0.452285
vn 0.428935 -0.677247 -0.597789
vn 0.763609 -0.468461 -0.444348
vn 0.779912 -0.512385 -0.359441
vn 0.190039 -0.895054 -0.40344
vn 0.261586 0.845521 -0.465475
vn 0.392059 0.838177 -0.379142
vn 0.248694 0.911894 -0.326498
vn 0.125045 0.946053 -0.298912
vn 0.0902839 0.991329 0.0954759
vn -0.018595 0.997514 0.0679758
vn -0.136514 0.952649 0.271706
vn -0.229896 0.895957 0.380013
vn -0.37494 0.821073 0.430417
vn -0.575088 0.705506 0.414167
vn -0.530402 0.674396 0.513676
vn -0.470887 0.569571 0.673687
vn -0.45 0.393141 0.801835
vn -0.510983 0.0841753 0.85546
vn -0.356867 -0.208942 0.910489
vn -0.278282 -0.527322 0.802802
vn -0.672817 0.267717 0.68967
vn -0.698813 -0.17656 0.693172
vn 0.861015 -0.47786 -0.174076
vn 0.782354 -0.532047 -0.323804
vn 0.97195 0.208701 0.108431
vn 0.953787 0.297996 0.0385828
vn 0.616115 0.782867 0.0867209
vn 0.818901 0.573934 0.000961502
vn 0.521641 0.765029 -0.377652
vn 0.220233 0.911007 -0.348661
vn -0.729935 -0.423054 0.536861
vn -0.419076 -0.642696 0.64134
vn -0.268319 -0.765866 0.584342
vn -0.190333 -0.853665 0.484799
vn -0.0546125 -0.884423 0.46348
vn -0.014874 -0.928786 0.370319
vn -0.00653502 -0.956137 0.292846
vn 0.090476 -0.969024 0.229797
vn 0.139989 -0.989934 0.0208482
vn 0.267833 -0.938409 -0.2183
vn 0.274064 -0.947112 -0.166935
vn 0.0769087 -0.800224 -0.594749
vn 0.0518553 -0.813367 -0.579435
vn 0.528175 -0.806821 -0.26471
vn 0.356362 -0.530858 -0.768892
vn 0.378474 -0.867466 -0.322895
vn 0.60087 -0.717218 -0.352921
vn 0.664019 -0.654881 -0.360847
vn 0.816476 -0.528866 -0.231664
vn 0.332608 -0.895203 -0.296621
vn 0.00518584 0.838621 -0.544691
vn 0.0886949 0.864539 -0.494677
vn -0.0822706 0.870576 -0.485106
vn 0.0100109 0.94244 -0.334226
vn -0.0630197 0.99793 0.0128202
vn -0.18378 0.978167 0.0970258
vn -0.261426 0.927634 0.266744
vn -0.394641 0.834743 0.384009
vn -0.559142 0.727321 0.39795
vn -0.566957 0.700179 0.433946
vn -0.542702 0.720917 0.43099
vn -0.483512 0.526551 0.699257
vn -0.557475 0.374514 0.740919
vn -0.551907 0.0983714 0.828084
vn -0.489842 -0.206858 0.846915
vn -0.383228 -0.612673 0.691208
vn -0.76358 0.221888 0.606392
vn -0.843155 -0.11664 0.524866
vn 0.741649 -0.624788 -0.244125
vn 0.880535 -0.44683 -0.158117
vn 0.885675 -0.318342 -0.337991
vn 0.955372 0.260666 0.13899
vn 0.888259 0.442564 0.123016
vn 0.633833 0.750474 0.187204
vn 0.759178 0.639112 -0.123225
vn -0.0193328 0.995192 0.0960121
vn 0.137731 0.978885 -0.151044
vn -0.0423677 0.927803 -0.370657
vn -0.835739 -0.36672 0.408726
vn -0.5542 -0.676109 0.48553
vn -0.313562 -0.794244 0.520437
vn -0.175245 -0.868104 0.464418
vn -0.163768 -0.887829 0.430047
vn -0.0811048 -0.932313 0.352441
vn -0.0146204 -0.953744 0.300265
vn 0.00414316 -0.995303 0.0967225
vn 0.0797713 -0.984736 -0.1547
vn 0.0755627 -0.970622 -0.228435
vn 0.0609127 -0.96265 -0.263808
vn 0.311846 -0.817805 -0.483681
vn 0.455792 -0.821268 -0.34318
vn -0.0416932 -0.962602 -0.267691
vn 0.715471 -0.0104598 -0.698564
vn 0.341387 -0.908282 -0.241825
vn 0.435506 -0.843922 -0.313256
vn 0.493466 -0.834441 -0.245357
vn 0.638969 -0.720832 -0.268552
vn 0.504461 -0.798956 -0.327395
vn -0.255896 0.809588 -0.528284
vn -0.231729 0.838831 -0.492611
vn 0.09891 0.854262 -0.510347
vn -0.25143 0.910059 -0.329508
vn -0.259781 0.964017 -0.0564378
vn -0.272766 0.957641 0.0923165
vn -0.399148 0.884263 0.242403
vn -0.524653 0.751931 0.399174
vn -0.626264 0.706445 0.329742
vn -0.685385 0.599754 0.412969
vn -0.70539 0.614378 0.353503
vn -0.618167 0.474659 0.626553
vn -0.693326 0.396641 0.601644
vn -0.683794 0.100681 0.722696
vn -0.615377 -0.227696 0.754629
vn -0.459294 -0.627967 0.628257
vn -0.794055 0.0193157 0.607539
vn -0.893165 -0.136933 0.428376
vn 0.53506 -0.796035 -0.282911
vn 0.801046 -0.551242 -0.233363
vn 0.904146 -0.396858 -0.158191
vn 0.973811 -0.162252 -0.15927
vn 0.939342 0.268389 0.213553
vn 0.78677 0.417376 0.454742
vn 0.575787 0.599649 0.555779
vn 0.490919 0.845035 0.211931
vn 0.127153 0.977946 -0.165689
vn 0.0271299 0.999165 0.0305375
vn -0.0142953 0.98647 -0.163315
vn -0.165738 0.935008 -0.313515
vn -0.904202 -0.336925 -0.26249
vn -0.634667 -0.712001 0.300421
vn -0.397817 -0.808433 0.433795
vn -0.212106 -0.874242 0.436705
vn -0.168712 -0.889103 0.425479
vn -0.118465 -0.907792 0.402343
vn -0.115436 -0.968851 0.219093
vn 0.054226 -0.997947 0.034066
vn 0.0412527 -0.975932 -0.214139
vn 0.0457139 -0.96657 -0.252296
vn 0.0565712 -0.963015 -0.263442
vn 0.0925624 -0.934416 -0.343947
vn 0.24669 -0.909068 -0.335767
vn 0.348495 -0.898648 -0.266426
vn 0.468112 -0.105832 -0.877309
vn 0.544817 -0.814387 -0.199871
vn 0.459118 -0.844953 -0.274345
vn 0.347742 -0.882798 -0.315821
vn 0.381122 -0.873542 -0.302772
vn 0.696595 -0.651171 -0.301218
vn -0.379615 0.710306 -0.592755
vn -0.0102984 0.695774 -0.718187
vn -0.434123 0.803697 -0.406951
vn -0.224582 0.916275 -0.331667
vn -0.306436 0.944996 -0.114365
vn -0.393961 0.910408 0.126299
vn -0.549022 0.814006 0.189656
vn -0.64402 0.636339 0.424629
vn -0.666515 0.684256 0.295892
vn -0.700945 0.595386 0.392673
vn -0.688916 0.580003 0.434731
vn -0.758188 0.397892 0.516558
vn -0.708777 0.0913213 0.699497
vn -0.63089 -0.308677 0.711826
vn -0.582232 -0.54256 0.605504
vn -0.806468 -0.249709 0.535962
vn -0.9771 -0.212595 0.0088306
vn 0.302666 -0.908562 -0.287938
vn 0.675309 -0.685866 -0.271193
vn 0.833876 -0.502799 -0.227691
vn 0.928839 -0.349098 -0.124048
vn 0.994392 -0.0882492 0.0582735
vn 0.888037 0.201511 0.41326
vn 0.640789 0.252021 0.725172
vn 0.482043 0.449366 0.752134
vn 0.457721 0.61467 0.642396
vn 0.380216 0.8671 0.321827
vn 0.0994036 0.977218 0.18752
vn -0.208866 0.977771 0.0184408
vn -0.146086 0.976467 -0.158656
vn -0.402123 0.897247 -0.182332
vn -0.8533 -0.517165 -0.0664871
vn -0.810589 -0.488678 -0.322706
vn -0.55755 -0.805925 0.199057
vn -0.27413 -0.88211 0.383059
vn -0.164686 -0.889757 0.425689
vn -0.169228 -0.890089 0.423206
vn -0.182529 -0.980163 0.0772279
vn -0.175654 -0.981381 -0.0777044
vn 0.0451574 -0.956501 -0.288211
vn 0.0220947 -0.954219 -0.298291
vn -0.0282421 -0.963379 -0.266654
vn 0.0800273 -0.982518 -0.16809
vn 0.236013 -0.933881 -0.268634
vn 0.375794 -0.876701 -0.30029
vn 0.530874 -0.719436 -0.447867
vn 0.618968 -0.709559 -0.336757
vn 0.490145 -0.793668 -0.360346
vn 0.364267 -0.836623 -0.409111
vn 0.248919 -0.920024 -0.302648
vn 0.579528 -0.753971 -0.309314
vn -0.426715 0.560471 -0.709779
vn -0.43185 0.599632 -0.673756
vn -0.386051 0.5789 -0.71822
vn -0.431177 0.869042 -0.242595
vn -0.427302 0.872419 -0.237273
vn -0.595244 0.79676 0.104205
vn -0.642213 0.75622 0.12527
vn -0.702155 0.621798 0.346908
vn -0.706569 0.619564 0.341907
vn -0.72685 0.542581 0.421064
vn -0.744338 0.404636 0.531254
vn -0.79047 0.0418418 0.61107
vn -0.684235 -0.478939 0.549945
vn -0.719417 -0.408705 0.561604
vn -0.942419 -0.325977 0.0747394
vn -0.944703 -0.32739 -0.018781
vn 0.155979 -0.940796 -0.300953
vn 0.454327 -0.846866 -0.276416
vn 0.760745 -0.594573 -0.260287
vn 0.856596 -0.480947 -0.186903
vn 0.936871 -0.349154 -0.0190953
vn 0.939576 -0.113104 0.323116
vn 0.688209 0.0464317 0.724025
vn 0.466794 0.23139 0.853558
vn 0.340613 0.452872 0.823948
vn 0.439928 0.539902 0.717613
vn 0.321353 0.655369 0.683538
vn 0.174351 0.872567 0.456322
vn -0.258616 0.933193 0.249537
vn -0.20454 0.974478 -0.092496
vn -0.214722 0.973309 -0.0810192
vn 0.691332 0.632212 -0.349812
vn -0.882553 -0.467992 -0.0456461
vn -0.858408 -0.506701 -0.0799291
vn -0.701685 -0.687801 -0.185924
vn -0.401027 -0.904525 0.144956
vn -0.252954 -0.887617 0.384904
vn -0.294965 -0.95225 0.0788394
vn -0.321665 -0.911564 -0.256092
vn -0.158032 -0.907129 -0.390056
vn -0.0643981 -0.914148 -0.400234
vn -0.10786 -0.973196 -0.203117
vn 0.0207124 -0.998411 -0.0524096
vn 0.150353 -0.957271 -0.247034
vn 0.260154 -0.927451 -0.268614
vn 0.446803 -0.861767 -0.240259
vn 0.522041 -0.715825 -0.463754
vn 0.497961 -0.722501 -0.479612
vn 0.360306 -0.767637 -0.530012
vn 0.192623 -0.915402 -0.353462
vn 0.396421 -0.875675 -0.27576
vn 0.15639 0.968224 0.195155
vn -0.596148 0.54557 -0.589034
vn -0.406728 0.530168 -0.743972
vn -0.495012 0.816684 -0.296632
vn -0.555102 0.780572 -0.287348
vn -0.6632 0.746296 0.0566408
vn -0.738049 0.658608 0.146697
vn -0.717278 0.663138 0.213915
vn -0.704707 0.631965 0.322504
vn -0.739983 0.476357 0.474878
vn -0.844973 0.223518 0.485861
vn -0.859189 0.0148834 0.511442
vn -0.784514 -0.419636 0.456556
vn -0.940778 -0.328187 0.0850293
vn -0.946977 -0.320212 0.0264536
vn -0.934362 -0.353261 -0.0466276
vn -0.0244032 -0.916613 -0.39903
vn 0.202909 -0.937463 -0.282826
vn 0.620945 -0.729899 -0.28579
vn 0.794522 -0.567171 -0.216917
vn 0.863169 -0.495744 -0.0957982
vn 0.868563 -0.426792 0.251887
vn 0.758121 -0.27417 0.591679
vn 0.553116 0.0393721 0.832174
vn 0.37587 0.374467 0.847641
vn 0.246897 0.539898 0.804706
vn 0.325366 0.582354 0.744984
vn 0.266689 0.645888 0.715336
vn 0.15058 0.740528 0.654938
vn -0.262356 0.822571 0.504526
vn -0.358069 0.91411 0.190236
vn -0.258923 0.952991 -0.157379
vn -0.229659 0.972966 0.0243838
vn 0.970243 0.0360452 -0.239438
vn -0.819058 -0.479966 -0.314288
vn -0.829604 -0.55723 -0.0353829
vn -0.748319 -0.647451 -0.144313
vn -0.460282 -0.850531 -0.254436
vn -0.27305 -0.893919 -0.355461
vn -0.302331 -0.901856 -0.308628
vn -0.0827675 -0.923697 -0.374077
vn -0.0422989 -0.995717 -0.0822079
vn -0.164192 -0.985883 -0.0328078
vn -0.0362082 -0.976177 -0.213933
vn 0.206151 -0.940945 -0.268558
vn 0.305128 -0.914395 -0.266044
vn 0.372783 -0.78493 -0.494891
vn 0.444787 -0.696104 -0.563564
vn 0.301659 -0.667436 -0.680832
vn 0.067802 -0.880902 -0.468417
vn 0.249606 -0.918139 -0.307764
vn -0.435541 0.588523 -0.681135
vn -0.170307 0.948962 -0.265457
vn -0.300755 0.698086 -0.649786
vn -0.578993 0.731562 -0.359978
vn -0.623219 0.741918 -0.247298
vn -0.694422 0.719531 0.00730838
vn -0.752602 0.632531 0.183016
vn -0.732669 0.661021 0.162012
vn -0.758203 0.614593 0.217726
vn -0.8307 0.355054 0.428805
vn -0.866618 0.0856691 0.491563
vn -0.916001 -0.35908 0.178893
vn -0.963603 -0.267334 -0.00124463
vn -0.951272 -0.306227 -0.0361469
vn -0.940337 -0.294862 -0.169775
vn -0.29113 -0.806464 -0.514644
vn -0.0551184 -0.936888 -0.345257
vn 0.361285 -0.879258 -0.310449
vn 0.708449 -0.656839 -0.258193
vn 0.798582 -0.588648 -0.125537
vn 0.752372 -0.641016 0.151769
vn 0.740679 -0.492194 0.457318
vn 0.625585 -0.247056 0.740005
vn 0.473531 0.130092 0.871117
vn 0.31725 0.476691 0.819828
vn 0.168196 0.605734 0.777686
vn 0.189534 0.647414 0.738195
vn 0.211892 0.721061 0.659676
vn 0.113139 0.69131 0.713645
vn -0.173195 0.717182 0.675022
vn -0.406092 0.736028 0.54162
vn -0.42274 0.904243 0.060299
vn -0.272493 0.959955 -0.0650628
vn -0.340523 0.915346 -0.214908
vn 0.195715 0.96194 -0.190705
vn -0.607389 -0.658031 -0.445055
vn -0.67909 -0.480393 -0.555031
vn -0.723823 -0.682306 -0.102661
vn -0.375381 -0.902137 -0.212691
vn -0.255582 -0.936536 -0.239956
vn -0.189717 -0.94507 -0.266176
vn -0.192832 -0.979478 -0.0586483
vn -0.462568 -0.886584 0.000305703
vn -0.330109 -0.927337 -0.176281
vn 0.0542664 -0.954253 -0.294034
vn 0.224924 -0.939146 -0.259641
vn 0.240715 -0.852787 -0.463477
vn 0.356471 -0.690124 -0.629808
vn 0.211068 -0.515798 -0.830303
vn -0.124849 -0.746533 -0.65353
vn 0.127502 -0.927419 -0.35162
vn -0.387672 0.899684 -0.200696
vn -0.262175 0.90928 -0.323224
vn -0.567586 0.714079 -0.409801
vn -0.576004 0.695511 -0.429517
vn -0.66771 0.713889 -0.211012
vn -0.734109 0.678887 -0.0140114
vn -0.773792 0.629098 0.0740417
vn -0.800691 0.597066 0.0490502
vn -0.841582 0.535977 0.0668399
vn -0.967311 0.148726 0.205401
vn -0.954506 -0.282097 -0.0966402
vn -0.987239 -0.151684 -0.048491
vn -0.941184 -0.299519 -0.156401
vn -0.938604 -0.232142 -0.255213
vn -0.607643 -0.647795 -0.45949
vn -0.307203 -0.883864 -0.352719
vn 0.0401301 -0.955177 -0.293303
vn 0.54113 -0.788452 -0.292442
vn 0.722583 -0.678005 -0.134845
vn 0.683993 -0.725012 0.080692
vn 0.686601 -0.683546 0.247677
vn 0.671518 -0.634656 0.38246
vn 0.600477 -0.524287 0.60378
vn 0.533841 -0.169115 0.828501
vn 0.425271 0.186781 0.885583
vn 0.261799 0.619798 0.739805
vn 0.367022 0.397702 0.840909
vn 0.112428 0.717857 0.687052
vn 0.0737357 0.70854 0.701808
vn 0.097157 0.753361 0.650391
vn 0.109358 0.802502 0.586542
vn -0.0769969 0.691109 0.718638
vn -0.321476 0.585839 0.743939
vn -0.555046 0.590866 0.585492
vn -0.574229 0.768998 0.280895
vn -0.45553 0.873679 -0.170816
vn -0.260736 0.957978 -0.119558
vn -0.368688 0.891755 -0.262377
vn -0.303394 0.890613 -0.338763
vn -0.405981 -0.869494 0.281354
vn -0.649288 -0.562471 -0.51191
vn -0.638902 -0.452275 -0.622295
vn -0.373193 -0.907067 -0.194825
vn -0.249265 -0.945644 -0.208865
vn -0.278587 -0.899046 -0.337795
vn -0.506159 -0.858517 -0.0821684
vn -0.747858 -0.659226 0.078297
vn -0.631066 -0.771407 -0.0817744
vn -0.197551 -0.932875 -0.301195
vn 0.0829663 -0.949891 -0.301368
vn 0.0286586 -0.895412 -0.444316
vn 0.197852 -0.67166 -0.713952
vn 0.145419 -0.34439 -0.927496
vn -0.271889 -0.439583 -0.856063
vn -0.0627315 -0.912912 -0.403307
vn -0.288705 0.91925 -0.267637
vn -0.538261 0.81487 -0.215086
vn -0.699956 0.632602 -0.331477
vn -0.615808 0.648595 -0.447331
vn -0.705566 0.652322 -0.276863
vn -0.806638 0.584451 -0.0880434
vn -0.817463 0.557213 -0.145838
vn -0.857705 0.498376 -0.126346
vn -0.966269 0.205089 -0.155765
vn -0.972957 -0.119644 -0.197584
vn -0.995864 -0.0809033 -0.0413364
vn -0.782496 0.0814812 -0.617301
vn -0.955172 0.0880774 0.282647
vn -0.843054 0.40373 -0.355333
vn -0.799674 -0.573282 -0.178519
vn -0.536651 -0.81171 -0.230505
vn -0.232816 -0.941657 -0.24306
vn 0.275372 -0.90944 -0.311591
vn 0.605757 -0.769328 -0.202962
vn 0.627365 -0.767906 0.129355
vn 0.585082 -0.768961 0.25764
vn 0.529793 -0.72671 0.437278
vn 0.530396 -0.706134 0.4691
vn 0.546571 -0.646463 0.532302
vn 0.550617 -0.431994 0.714285
vn 0.491777 -0.107796 0.864023
vn 0.450132 0.0810095 0.88928
vn 0.32596 0.526051 0.785507
vn 0.199225 0.739957 0.642474
vn 0.435205 0.275055 0.857287
vn 0.0737164 0.817426 0.571297
vn -0.00495571 0.773829 0.633375
vn 0.00762148 0.780691 0.624871
vn 0.0439608 0.815685 0.576824
vn -0.00980449 0.82324 0.567608
vn -0.186817 0.616672 0.764732
vn -0.385553 0.442107 0.809871
vn -0.646747 0.20589 0.734389
vn -0.739376 0.558584 0.375908
vn -0.593152 0.802886 -0.059538
vn -0.467074 0.816205 -0.340075
vn -0.352313 0.918392 -0.180091
vn -0.481604 0.830294 -0.280481
vn -0.340965 0.902402 -0.263466
vn -0.388135 -0.900809 0.194666
vn -0.640877 -0.761949 0.093326
vn -0.761098 -0.478518 -0.437893
vn -0.487675 -0.709118 -0.50924
vn -0.532736 -0.687749 -0.493146
vn -0.70413 -0.692682 -0.156182
vn -0.769081 -0.627872 0.119544
vn -0.764523 -0.644402 0.0158147
vn -0.460256 -0.859786 -0.221207
vn -0.113846 -0.933372 -0.340377
vn -0.169404 -0.885841 -0.431958
vn 0.0121722 -0.704934 -0.709168
vn 0.0918449 -0.475071 -0.875141
vn 0.0862638 -0.106466 -0.990567
vn -0.224469 -0.16078 -0.961126
vn -0.221038 -0.883366 -0.413288
vn -0.463647 0.846775 -0.260774
vn -0.695531 0.71319 -0.0871598
vn -0.728485 0.635106 -0.256807
vn -0.673306 0.568012 -0.47331
vn -0.760747 0.541969 -0.357118
vn -0.787428 0.547403 -0.283387
vn -0.848529 0.464864 -0.252785
vn -0.933115 0.274709 -0.232016
vn -0.988939 0.0508048 -0.139353
vn -0.887085 0.0996658 -0.450719
vn -0.818201 -0.0508773 -0.572677
vn -0.811785 0.573987 0.10744
vn -0.927175 0.323696 0.188592
vn -0.849052 -0.0770394 -0.522663
vn -0.945983 -0.319267 -0.0564418
vn -0.694392 -0.710783 -0.112277
vn -0.421171 -0.885808 -0.19483
vn -0.123221 -0.950107 -0.286556
vn 0.414845 -0.874313 -0.251953
vn 0.497699 -0.838687 -0.221131
vn 0.441631 -0.866914 0.231134
vn 0.446286 -0.818781 0.361146
vn 0.433335 -0.760486 0.483614
vn 0.446031 -0.687985 0.57248
vn 0.492166 -0.703446 0.512773
vn 0.502133 -0.614574 0.608409
vn 0.470401 -0.3288 0.81891
vn 0.513708 -0.092402 0.852975
vn 0.419146 0.426746 0.801376
vn 0.287236 0.619567 0.730502
vn 0.178843 0.801078 0.571218
vn 0.445965 0.0747923 0.89192
vn 0.0339076 0.988331 -0.148498
vn -0.0363945 0.849563 0.526231
vn -0.0537108 0.816133 0.575363
vn -0.0176973 0.82239 0.568649
vn 0.00554137 0.842427 0.538783
vn -0.0315362 0.769204 0.638224
vn -0.27557 0.530845 0.801414
vn -0.397989 0.264947 0.878298
vn -0.572621 -0.0345226 0.819093
vn -0.882069 0.458515 0.108253
vn -0.638962 0.744662 -0.192888
vn -0.462105 0.773274 -0.434173
vn -0.441137 0.866183 -0.234785
vn -0.552253 0.76289 -0.336178
vn -0.417911 0.876295 -0.239703
vn -0.414893 -0.870975 -0.263186
vn -0.427909 -0.889973 0.157615
vn -0.789466 -0.594517 -0.152621
vn -0.500659 -0.861829 -0.081182
vn -0.683643 -0.724567 -0.0873829
vn -0.312989 -0.887595 -0.337954
vn -0.339282 -0.840763 -0.421906
vn -0.165167 -0.839986 -0.516859
vn 0.0963611 -0.471213 -0.87674
vn 0.0771485 -0.296038 -0.952056
vn 0.00223485 0.09598 -0.995381
vn -0.370392 0.120146 -0.921072
vn -0.420273 -0.818654 -0.391378
vn -0.548214 0.823049 -0.148499
vn -0.822043 0.568348 0.0350121
vn -0.735451 0.607401 -0.300295
vn -0.703297 0.548691 -0.452008
vn -0.722179 0.6081 -0.329655
vn -0.833871 0.475666 -0.280001
vn -0.892848 0.395901 -0.214677
vn -0.947819 0.119866 -0.295417
vn -0.87943 0.0129164 -0.475854
vn -0.996487 0.0836529 0.00387489
vn -0.842899 0.516156 0.151998
vn -0.926183 0.286709 -0.244917
vn -0.852274 -0.0539019 -0.520311
vn -0.974005 -0.169771 -0.149975
vn -0.699888 -0.620517 0.353716
vn -0.865107 -0.497217 -0.0660713
vn -0.609619 -0.776718 -0.158349
vn -0.313059 -0.915192 -0.253806
vn -0.0175332 -0.97446 -0.223875
vn 0.365614 -0.924886 0.104462
vn 0.289274 -0.928761 0.231784
vn 0.349118 -0.88378 0.311527
vn 0.299203 -0.81634 0.49403
vn 0.337952 -0.72866 0.595687
vn 0.420633 -0.683413 0.596669
vn 0.424304 -0.65969 0.620303
vn 0.44612 -0.691172 0.568559
vn 0.486641 -0.552811 0.676447
vn 0.488605 -0.364321 0.792802
vn 0.454432 0.359866 0.814855
vn 0.382049 0.50456 0.774246
vn 0.265746 0.702993 0.659682
vn -0.0920136 0.979393 -0.179785
vn 0.23197 0.813551 0.533222
vn 0.456403 -0.147318 0.877493
vn -0.0149254 0.740306 -0.672105
vn -0.0220773 0.969728 -0.243189
vn -0.0851928 0.863017 0.49794
vn -0.0610299 0.845205 0.530946
vn -0.00963865 0.841473 0.540213
vn 0.062577 0.835834 0.545405
vn -0.183089 0.679334 0.710622
vn -0.310939 0.477777 0.821612
vn -0.404256 0.133878 0.904795
vn -0.822624 -0.0841804 0.56232
vn -0.394203 -0.0882306 0.914778
vn -0.755698 0.636296 -0.155072
vn -0.59151 0.713477 -0.375588
vn -0.554384 0.720524 -0.416538
vn -0.499304 0.817168 -0.287979
vn -0.635357 0.679283 -0.367282
vn -0.475086 0.845801 -0.242723
vn -0.55755 -0.804873 -0.203267
vn -0.674668 -0.735359 -0.0638017
vn -0.535083 -0.792954 -0.291394
vn -0.548367 -0.735794 -0.397367
vn -0.517177 -0.731413 -0.444481
vn -0.274788 -0.389774 -0.878959
vn -0.0794459 -0.171287 -0.982013
vn -0.18891 0.32028 -0.928296
vn -0.650186 0.0681853 -0.756709
vn -0.226314 0.408678 -0.884174
vn -0.570704 -0.725914 -0.383857
vn -0.771266 0.636083 -0.023403
vn -0.910927 0.411889 -0.0236721
vn -0.781525 0.488539 -0.388006
vn -0.841536 0.43363 -0.322153
vn -0.982626 -0.0489282 -0.179033
vn -0.958714 0.21846 0.182051
vn -0.886295 0.459566 -0.0572742
vn -0.912834 0.165719 -0.373191
vn -0.82383 0.353956 -0.44274
vn -0.948012 0.316941 0.0286542
vn -0.635181 -0.54339 0.548883
vn -0.332776 -0.745272 0.57778
vn -0.629124 -0.710271 0.315783
vn -0.746129 -0.665681 -0.0126712
vn -0.471997 -0.874113 -0.114653
vn -0.192574 -0.98052 -0.0386859
vn 0.0696464 -0.995938 -0.0570737
vn 0.14461 -0.886007 0.440545
vn 0.15511 -0.852962 0.498394
vn 0.184183 -0.805675 0.562996
vn 0.255317 -0.776991 0.575412
vn 0.339243 -0.770452 0.539739
vn 0.462306 -0.716744 0.522064
vn 0.445849 -0.692585 0.567049
vn 0.39178 -0.671425 0.629044
vn 0.414042 -0.641477 0.645814
vn 0.328699 -0.569369 0.753509
vn 0.496978 0.197148 0.845072
vn 0.434564 0.415732 0.79895
vn 0.337516 0.618272 0.709804
vn 0.0318335 0.883649 -0.467066
vn -0.0448958 0.668677 -0.742196
vn 0.253622 0.746377 0.615302
vn 0.399217 -0.301484 0.865872
vn -0.0228126 0.308394 -0.950985
vn 0.00652137 0.836814 -0.547449
vn -0.00296521 0.945594 -0.325335
vn -0.225265 0.943087 0.244627
vn -0.0316699 0.866308 0.498506
vn 0.0719162 0.842433 0.53398
vn -0.0424604 0.797733 0.601514
vn -0.23786 0.594061 0.768449
vn -0.367662 0.390654 0.843928
vn -0.513754 -0.377693 0.770328
vn -0.41372 0.202502 0.887597
vn -0.693751 0.605511 -0.389955
vn -0.514998 0.699705 -0.495166
vn -0.633229 0.658141 -0.407274
vn -0.648746 0.692183 -0.316248
vn -0.763859 0.549881 -0.337862
vn -0.686865 0.689756 -0.229027
vn -0.687347 -0.698546 -0.198967
vn -0.663634 -0.72175 -0.196639
vn -0.690877 -0.601785 -0.400679
vn -0.670009 -0.610443 -0.42243
vn -0.444883 -0.378632 -0.811614
vn -0.332168 -0.0488645 -0.941953
vn -0.691713 0.486828 -0.533416
vn -0.351632 0.420376 -0.836444
vn -0.828275 0.173667 -0.532729
vn -0.570139 0.58315 -0.578687
vn -0.671885 -0.61182 -0.417429
vn -0.923662 0.37724 0.0673611
vn -0.95686 0.244563 -0.15687
vn -0.991269 0.0190174 0.130474
vn -0.987242 0.154463 0.0386549
vn -0.936586 0.273253 -0.219406
vn -0.976829 0.0490276 -0.208331
vn -0.363214 -0.67304 0.644277
vn -0.319799 -0.728785 0.605476
vn -0.302016 -0.75573 0.581084
vn -0.469458 -0.777912 0.417686
vn -0.51037 -0.817097 0.268096
vn -0.293583 -0.929186 0.22455
vn 0.0227335 -0.997767 0.0628013
vn 0.0248253 -0.912089 0.409239
vn 0.100713 -0.868751 0.484901
vn 0.138882 -0.864151 0.483688
vn 0.204364 -0.857801 0.471607
vn 0.318343 -0.825985 0.465196
vn 0.369013 -0.806897 0.461245
vn 0.452156 -0.752099 0.47948
vn 0.466898 -0.71236 0.523975
vn 0.392952 -0.719602 0.572504
vn 0.2971 -0.684441 0.665787
vn 0.180341 -0.654932 0.733853
vn 0.447308 0.00722555 0.894351
vn 0.433541 0.354873 0.828316
vn 0.416653 0.516907 0.747801
vn 0.0725704 0.85562 -0.512492
vn -0.0435194 0.627402 -0.777478
vn -0.0495466 0.278879 -0.959047
vn 0.369244 0.632845 0.680563
vn 0.275792 -0.435972 0.856661
vn 0.0891957 0.342319 -0.93534
vn -0.00618688 0.316803 -0.948471
vn -0.0503504 0.901157 -0.430558
vn -0.0582604 0.911525 -0.407097
vn -0.0249107 0.994316 0.103512
vn 0.0726107 0.874598 0.479381
vn 0.0534136 0.835256 0.547261
vn -0.11544 0.711113 0.693535
vn -0.271047 0.510842 0.815827
vn -0.428918 -0.40091 0.809506
vn -0.438503 0.0720044 0.895841
vn -0.31602 0.441894 0.83956
vn -0.544333 0.592027 -0.594311
vn -0.607768 0.623751 -0.49148
vn -0.732813 0.577324 -0.360114
vn -0.800283 0.523583 -0.292246
vn -0.8337 0.487366 -0.259651
vn -0.869795 0.466189 -0.161634
vn -0.899945 -0.191882 -0.391511
vn -0.8774 -0.259353 -0.403614
vn -0.865219 0.143025 -0.480561
vn -0.841494 0.382449 -0.381602
vn -0.701094 0.542772 -0.462456
vn -0.915269 -0.0795657 -0.394908
vn -0.981899 0.163816 0.0950687
vn -0.989766 0.131557 0.0552893
vn -0.991283 0.0959475 -0.0902847
vn -0.98445 0.120237 -0.128064
vn -0.359736 -0.662171 0.657357
vn -0.229712 -0.723178 0.651342
vn -0.291 -0.730674 0.617604
vn -0.238737 -0.722191 0.649187
vn -0.307317 -0.7123 0.631019
vn -0.241875 -0.855954 0.456989
vn -0.0140886 -0.95422 0.298773
vn 0.011249 -0.902997 0.429499
vn 0.0522877 -0.873385 0.484215
vn 0.104935 -0.872419 0.477361
vn 0.157575 -0.862591 0.480736
vn 0.261915 -0.846045 0.464336
vn 0.309061 -0.833272 0.45841
vn 0.346945 -0.80095 0.487964
vn 0.388208 -0.767005 0.510879
vn 0.462038 -0.728244 0.506144
vn 0.39615 -0.755889 0.521245
vn 0.434386 -0.730936 0.526348
vn 0.223287 -0.745179 0.628371
vn 0.12433 -0.736212 0.665232
vn 0.39293 -0.1308 0.910218
vn 0.433888 0.247428 0.866326
vn 0.426556 0.469152 0.77327
vn 0.153718 0.847615 -0.507858
vn 0.00338023 0.594904 -0.803789
vn -0.10922 0.243977 -0.963611
vn 0.060138 0.198969 -0.978159
vn 0.433429 0.558834 0.706996
vn 0.242005 -0.589576 0.770606
vn 0.504485 0.787964 -0.352998
vn 0.103606 0.506928 -0.855739
vn -0.0818442 0.464884 -0.881581
vn -0.0944667 0.729421 -0.677511
vn -0.0182181 0.797507 -0.603034
vn 0.0582216 0.996838 0.0540678
vn 0.0822381 0.874785 0.477481
vn 0.00817386 0.803525 0.595214
vn -0.170188 0.628517 0.758948
vn -0.422517 -0.385369 0.820348
vn -0.35617 0.400258 0.844356
vn -0.444839 -0.0242391 0.895282
vn -0.246666 0.560273 0.790727
vn -0.806431 0.449736 -0.383936
vn -0.905244 0.368094 -0.212225
vn -0.912018 0.325075 -0.250099
vn -0.969718 0.237348 -0.0575673
vn -0.92858 0.141681 -0.343024
vn -0.899954 0.285605 -0.329413
vn -0.935471 0.149611 -0.320172
vn -0.959502 0.252076 -0.125754
vn -0.962829 0.182898 -0.198766
vn -0.255581 -0.660141 0.706323
vn 0.0106158 -0.705928 0.708204
vn -0.24033 -0.730574 0.639142
vn -0.293925 -0.67983 0.671893
vn -0.207256 -0.668277 0.714458
vn -0.1775 -0.804878 0.566273
vn -0.123998 -0.890102 0.438569
vn 0.0860603 -0.902426 0.422162
vn 0.000817595 -0.868123 0.496348
vn 0.0664098 -0.880846 0.468721
vn 0.0967857 -0.872871 0.478256
vn 0.142058 -0.850218 0.506902
vn 0.258513 -0.795205 0.54847
vn 0.253956 -0.787064 0.562171
vn 0.307186 -0.764634 0.566544
vn 0.377208 -0.74277 0.553179
vn 0.446352 -0.725857 0.523356
vn 0.426689 -0.729021 0.535224
vn 0.319457 -0.758776 0.567632
vn 0.192251 -0.820379 0.538533
vn 0.367032 -0.761032 0.534901
vn 0.119696 -0.781128 0.612791
vn 0.441011 -0.30677 0.843446
vn 0.457883 0.114599 0.881595
vn 0.434946 0.430496 0.790883
vn 0.254667 0.872466 -0.417072
vn -0.0139203 0.574904 -0.818102
vn -0.0849219 0.227482 -0.970072
vn -0.111484 0.143931 -0.983288
vn 0.144138 0.145745 -0.978766
vn 0.458152 0.542414 0.70419
vn 0.243006 -0.679401 0.69236
vn 0.841813 0.139809 -0.521348
vn 0.622998 0.752736 -0.212748
vn 0.295043 0.930902 -0.215339
vn 0.0200772 0.560684 -0.827787
vn -0.0567435 0.499672 -0.864354
vn -0.050296 0.432752 -0.900109
vn 0.0406175 0.810451 -0.584397
vn 0.116133 0.993234 0.000695704
vn 0.0764056 0.873271 0.481208
vn -0.0669643 0.762055 0.644041
vn -0.325342 -0.407348 0.853358
vn -0.332782 0.520772 0.786164
vn -0.401884 0.343803 0.848698
vn -0.383506 -0.0468442 0.92235
vn -0.181081 0.737117 0.651051
vn -0.0406111 -0.628464 0.776778
vn 0.132659 -0.690915 0.71066
vn -0.00807049 -0.747879 0.663786
vn -0.302856 -0.719556 0.624914
vn -0.317003 -0.689611 0.651112
vn -0.196101 -0.795215 0.57374
vn -0.109702 -0.860866 0.496865
vn -0.0371859 -0.907391 0.418639
vn 0.028518 -0.864385 0.502021
vn 0.0305715 -0.885963 0.462747
vn 0.0618896 -0.885635 0.46024
vn 0.0647574 -0.889966 0.451405
vn 0.113943 -0.861876 0.494152
vn 0.224588 -0.81092 0.540341
vn 0.253877 -0.78947 0.558824
vn 0.336582 -0.759614 0.556506
vn 0.405164 -0.731869 0.547914
vn 0.420772 -0.725982 0.543968
vn 0.424896 -0.723016 0.544712
vn 0.247523 -0.800773 0.54543
vn 0.103253 -0.827547 0.55182
vn 0.348038 -0.778703 0.522007
vn 0.15921 -0.83368 0.5288
vn 0.435006 -0.452239 0.77862
vn 0.527207 -0.0680349 0.847009
vn 0.482637 0.324449 0.813507
vn 0.373031 0.857848 -0.353475
vn -0.0253205 0.572982 -0.819176
vn -0.127198 0.244059 -0.961382
vn -0.117301 0.158495 -0.980367
vn -0.116953 0.163352 -0.979611
vn 0.151602 0.257786 -0.954234
vn 0.523106 0.508901 0.683652
vn 0.272497 -0.747474 0.605828
vn 0.838647 0.104405 -0.534576
vn 0.950102 0.144688 -0.276354
vn 0.586921 0.808675 -0.0396062
vn 0.304696 0.942178 -0.1395
vn 0.0885499 0.980973 -0.172775
vn 0.00347275 0.990631 -0.136525
vn -0.040376 0.988675 -0.144537
vn -0.03734 0.394243 -0.918247
vn 0.133361 0.833311 -0.536477
vn 0.0924655 0.989129 -0.114339
vn 0.0202177 0.868042 0.496079
vn -0.184576 -0.377849 0.907283
vn -0.308515 0.719805 0.621852
vn -0.34958 0.512676 0.784192
vn -0.39031 0.280197 0.877011
vn -0.275443 -0.0208523 0.961091
vn -0.192234 0.886658 0.420575
vn 0.0761764 -0.577404 0.812897
vn 0.0412875 -0.732873 0.679111
vn 0.13018 -0.753641 0.644266
vn -0.101384 -0.810193 0.577329
vn -0.351829 -0.699374 0.622167
vn -0.297258 -0.784938 0.543608
vn -0.159518 -0.82836 0.537004
vn -0.0575244 -0.87802 0.475154
vn -0.00308706 -0.880802 0.473474
vn 0.0180293 -0.885312 0.464647
vn 0.032205 -0.894807 0.445291
vn 0.0508962 -0.908995 0.413687
vn 0.0389059 -0.916776 0.397503
vn 0.0929063 -0.898898 0.428195
vn 0.184217 -0.85229 0.489557
vn 0.255871 -0.803761 0.53712
vn 0.389237 -0.741984 0.545853
vn 0.454085 -0.730175 0.51054
vn 0.410101 -0.729644 0.547208
vn 0.425144 -0.716939 0.552495
vn 0.239664 -0.833252 0.498249
vn 0.111377 -0.872755 0.475282
vn 0.379668 -0.768886 0.514458
vn 0.226548 -0.885788 0.405037
vn 0.436758 -0.583512 0.684657
vn 0.540784 -0.226949 0.809967
vn 0.53472 0.135939 0.834024
vn 0.447986 0.841615 -0.30165
vn 0.0738254 0.628139 -0.774591
vn -0.169797 0.273992 -0.946624
vn -0.168755 0.216776 -0.961525
vn -0.159105 0.218369 -0.962809
vn -0.130046 0.330642 -0.934753
vn 0.0925704 0.365353 -0.926255
vn 0.649916 0.423875 0.630825
vn 0.344009 -0.810003 0.474923
vn 0.857759 0.110666 -0.501999
vn 0.961042 0.0895741 -0.261487
vn 0.988948 0.124753 -0.0801164
vn 0.4967 0.86786 -0.0104177
vn 0.308214 0.949505 -0.0586824
vn 0.110515 0.990806 -0.0780421
vn 0.02586 0.998727 -0.0433183
vn -0.0799373 0.996119 -0.0368322
vn -0.0164151 0.95527 -0.295278
vn 0.00551444 0.368049 -0.92979
vn -0.0217557 0.772782 -0.634298
vn 0.129396 0.943907 -0.303803
vn -0.0554074 -0.325507 0.943915
vn -0.305564 0.910199 0.279586
vn -0.32388 0.714963 0.619621
vn -0.363361 0.500666 0.785685
vn -0.323589 0.249549 0.912697
vn -0.224935 0.0369673 0.973672
vn -0.0266226 0.88041 -0.473465
vn -0.0557268 -0.573898 0.817029
vn -0.119106 -0.756858 0.642635
vn 0.0561469 -0.800211 0.597085
vn 0.127944 -0.844354 0.520285
vn -0.253452 -0.723313 0.642324
vn -0.304095 -0.762937 0.570485
vn -0.263354 -0.790929 0.552337
vn -0.0848841 -0.853454 0.51421
vn -0.0232341 -0.875825 0.48207
vn 0.00336364 -0.882495 0.470309
vn 0.0277736 -0.895823 0.443543
vn 0.026373 -0.920243 0.390458
vn 0.0171737 -0.93068 0.365431
vn 0.00469253 -0.592372 -0.805651
vn 0.127734 -0.641857 -0.756111
vn 0.178308 -0.73628 -0.652762
vn 0.29558 -0.827175 -0.477928
vn 0.53742 -0.804112 -0.254132
vn 0.722116 -0.663884 -0.194437
vn 0.506386 -0.730063 0.458891
vn 0.56288 -0.723834 0.399036
vn 0.303795 -0.846351 0.437491
vn 0.185465 -0.911951 0.365989
vn 0.524102 -0.775903 0.351129
vn 0.297744 -0.90559 0.302085
vn 0.552216 -0.639811 0.534509
vn 0.597375 -0.374326 0.709241
vn 0.6412 -0.0762964 0.763571
vn 0.59406 0.748261 -0.295293
vn 0.181519 0.693426 -0.697288
vn -0.180803 0.281054 -0.942507
vn -0.189504 0.253862 -0.948495
vn -0.188693 0.265215 -0.945545
vn -0.168756 0.350069 -0.921398
vn -0.130561 0.42213 -0.897084
vn 0.264606 0.658637 -0.704401
vn 0.82098 0.199952 0.5348
vn 0.563253 -0.778077 0.278104
vn 0.916939 0.175979 -0.358125
vn 0.955942 0.106433 -0.273581
vn 0.988113 0.0930916 -0.122337
vn 0.996027 0.0800558 -0.0389958
vn 0.455935 0.890002 -0.00437158
vn 0.303518 0.952377 -0.0292355
vn 0.147061 0.98893 -0.0197637
vn 0.0217066 0.999709 0.0105515
vn -0.102557 0.994632 0.0137749
vn -0.174756 0.981819 -0.0741021
vn -0.281132 0.886878 -0.366623
vn -0.00990483 0.367702 -0.929891
vn 0.0224536 0.570415 -0.821049
vn -0.202346 -0.0305579 0.978837
vn -0.193675 -0.328859 0.924306
vn -0.09806 0.826582 -0.554208
vn -0.302554 0.943084 0.138038
vn -0.34481 0.701498 0.623704
vn -0.358768 0.510608 0.781387
vn -0.329676 0.253929 0.909304
vn -0.330923 0.298654 0.895151
vn 0.0655643 0.388845 -0.918967
vn -0.256142 -0.557924 0.789374
vn -0.338556 -0.744545 0.575354
vn -0.0503774 -0.847148 0.528963
vn 0.0819259 -0.887118 0.454212
vn -0.0409699 -0.783506 0.620032
vn -0.265789 -0.752173 0.602986
vn -0.274454 -0.770779 0.574957
vn -0.20017 -0.817751 0.539643
vn -0.0424295 -0.866439 0.497477
vn -0.00148572 -0.876753 0.480938
vn 0.0160949 -0.895115 0.445544
vn 0.0312124 -0.927144 0.373404
vn -0.00653689 -0.951582 0.307325
vn 0.0126633 -0.589931 -0.807354
vn 0.193604 -0.820782 -0.537434
vn 0.357493 -0.626003 -0.693051
vn 0.0438631 -0.328492 -0.943488
vn 0.110713 -0.323387 -0.939768
vn 0.311499 -0.357641 -0.880376
vn 0.606057 -0.180335 -0.774709
vn 0.792491 -0.516646 -0.324093
vn 0.797035 -0.457595 -0.394136
vn 0.40031 -0.855006 0.329722
vn 0.234313 -0.92633 0.294975
vn 0.75859 -0.526251 -0.384188
vn 0.651497 -0.353948 -0.671024
vn 0.861227 -0.475267 0.180027
vn 0.726164 -0.404446 0.555977
vn 0.744681 -0.227245 0.627542
vn 0.646475 0.611715 -0.455932
vn 0.344564 0.644079 -0.682963
vn -0.122201 0.311007 -0.942519
vn -0.192004 0.274908 -0.942104
vn -0.196443 0.286787 -0.937637
vn -0.185944 0.363834 -0.912716
vn -0.186688 0.457199 -0.86955
vn -0.0743752 0.64285 -0.762373
vn 0.603608 0.587065 -0.539456
vn 0.951058 -0.0937785 0.294439
vn 0.662806 -0.129237 -0.737554
vn 0.965632 0.169237 -0.197266
vn 0.985995 0.104897 -0.129654
vn 0.995281 0.068131 -0.0690901
vn 0.996594 0.0664698 -0.0488118
vn 0.474301 0.880362 0.00116782
vn 0.299874 0.953977 0.00162901
vn 0.169008 0.985589 -0.00714608
vn 0.010376 0.999802 0.0170005
vn -0.123355 0.992086 0.0234228
vn -0.222618 0.974867 0.00865638
vn -0.31347 0.943185 -0.110173
vn -0.484204 0.733835 -0.47648
vn -0.0498271 0.345717 -0.937015
vn -0.309343 0.305425 0.900568
vn -0.320627 -0.0692332 0.944672
vn -0.350332 -0.328719 0.877047
vn 0.103973 0.252746 -0.96193
vn -0.138372 0.766661 -0.626965
vn -0.308841 0.951049 -0.0111315
vn -0.385814 0.68134 0.622032
vn -0.390231 0.533617 0.750315
vn -0.382545 0.520077 0.763662
vn -0.428331 -0.541795 0.723181
vn -0.903641 -0.152806 -0.400105
vn -0.218145 -0.877321 0.427459
vn 0.000345414 -0.921148 0.389212
vn -0.0239203 -0.851994 0.523004
vn -0.18183 -0.800509 0.571072
vn -0.258048 -0.766082 0.588668
vn -0.246661 -0.784857 0.56847
vn -0.118063 -0.846122 0.519749
vn -0.0256833 -0.871874 0.489057
vn 0.0131404 -0.893799 0.448275
vn 0.0302875 -0.930491 0.365061
vn 0.00941184 -0.967204 0.253826
vn 0.00597547 -0.574468 -0.818505
vn 0.0169501 -0.908285 -0.418009
vn 0.273969 -0.951305 0.141278
vn 0.191618 0.54736 -0.814666
vn -0.0329746 0.328179 -0.94404
vn -0.0130871 0.250588 -0.968006
vn 0.192648 0.151286 -0.969536
vn 0.612091 -0.0763437 -0.787093
vn 0.635306 -0.0904304 -0.766947
vn 0.724828 -0.552553 -0.411472
vn 0.637639 -0.543656 -0.54576
vn 0.651929 -0.1054 -0.750919
vn 0.418811 0.366876 -0.830662
vn 0.71639 0.124797 -0.686449
vn 0.957774 -0.273863 0.0875718
vn 0.636259 0.371739 -0.676006
vn 0.415397 0.547167 -0.726673
vn 0.0039171 0.429031 -0.903281
vn -0.180116 0.29654 -0.937882
vn -0.211502 0.329652 -0.920107
vn -0.203871 0.411115 -0.888494
vn -0.203765 0.535585 -0.819529
vn -0.193164 0.658341 -0.727513
vn 0.0238865 0.748339 -0.662886
vn 0.858277 0.355823 -0.369798
vn 0.279165 0.424843 -0.861148
vn 0.982163 0.112241 -0.150854
vn 0.99005 0.0888436 -0.109126
vn 0.997384 0.0428821 -0.0581875
vn 0.995406 0.0739208 -0.0608565
vn 0.522938 0.852367 0.00259069
vn 0.283904 0.95844 0.0281256
vn 0.164712 0.986333 0.00410666
vn 0.00613403 0.999864 0.0152896
vn -0.141828 0.989438 0.0299633
vn -0.239232 0.970597 0.0266521
vn -0.33006 0.943944 0.00554243
vn -0.750429 0.633535 -0.188386
vn -0.778383 0.137266 -0.612599
vn -0.078496 0.237342 -0.96825
vn -0.366168 0.501266 0.783999
vn -0.418594 0.233383 0.877674
vn -0.396358 -0.0694756 0.915463
vn -0.469304 -0.314995 0.824944
vn 0.103928 0.134431 -0.985458
vn -0.143958 0.713768 -0.685428
vn -0.343131 0.929932 -0.132242
vn -0.416775 0.661866 0.623082
vn -0.401164 0.67232 0.622136
vn -0.96177 -0.0804027 -0.261789
vn -0.485456 0.371345 -0.791477
vn -0.859542 -0.191861 -0.473684
vn -0.124072 -0.944471 0.304272
vn -0.0490403 -0.909108 0.413663
vn -0.14729 -0.853712 0.499481
vn -0.249095 -0.778079 0.576667
vn -0.252442 -0.773665 0.581133
vn -0.200042 -0.808564 0.553361
vn -0.057645 -0.859763 0.507429
vn 0.00385872 -0.886109 0.463461
vn 0.038197 -0.924619 0.378972
vn 0.0589602 -0.965949 0.251925
vn 0.0198713 -0.582279 -0.812746
vn -0.00361356 -0.901693 -0.432362
vn 0.018065 -0.999645 -0.0195853
vn 0.951611 -0.307214 -0.0074452
vn 0.0124886 -0.999869 -0.0103317
vn 0.551708 0.652436 -0.519563
vn -0.170061 0.845173 -0.506716
vn -0.134244 0.793914 -0.593025
vn -0.112869 0.717155 -0.687713
vn -0.00370533 0.48749 -0.873121
vn 0.0601773 0.720146 -0.691208
vn 0.644497 -0.00337822 -0.7646
vn 0.550213 0.187386 -0.813727
vn 0.100117 0.646952 -0.75593
vn -0.037761 0.728486 -0.684019
vn 0.207899 0.45793 -0.864336
vn 0.654295 0.199001 -0.729587
vn 0.301253 0.353048 -0.885779
vn -0.127463 0.310919 -0.941851
vn -0.197733 0.41173 -0.889596
vn -0.222058 0.487955 -0.844151
vn -0.200227 0.599604 -0.774845
vn -0.226452 0.682647 -0.694775
vn -0.19489 0.766689 -0.611724
vn 0.257266 0.758202 -0.599119
vn 0.961763 0.188514 -0.198682
vn -0.0587341 0.660434 -0.748583
vn 0.989805 0.0870757 -0.112716
vn 0.994995 0.05828 -0.0811697
vn 0.998038 0.0375344 -0.0501189
vn 0.993686 0.103028 -0.0444243
vn 0.553071 0.833097 0.00785948
vn 0.25459 0.966481 0.0331519
vn 0.142502 0.989687 0.0146227
vn 0.011759 0.99972 0.0205239
vn -0.161684 0.986174 0.0363219
vn -0.264016 0.964174 0.0257855
vn -0.342904 0.939004 0.0262205
vn -0.811357 0.582757 0.0457577
vn -0.989326 0.104868 -0.101177
vn -0.279373 0.115195 -0.953247
vn -0.753645 -0.0229799 -0.65688
vn 0.00189804 0.0914833 -0.995805
vn -0.427817 0.667196 0.609773
vn -0.454506 0.465379 0.759505
vn -0.431797 0.21994 0.874744
vn -0.480236 -0.0960692 0.871862
vn -0.99259 -0.0329299 -0.116965
vn 0.133985 0.040742 -0.990146
vn -0.17997 0.69336 -0.697755
vn -0.380887 0.902308 -0.201904
vn -0.445519 0.861319 -0.244217
vn -0.551546 0.234346 -0.80055
vn -0.133225 0.486155 -0.863658
vn -0.554108 0.442486 -0.705104
vn -0.7892 -0.316679 -0.526192
vn -0.130823 -0.934679 0.330545
vn -0.212704 -0.879594 0.425525
vn -0.274971 -0.778398 0.564347
vn -0.323114 -0.803046 0.500713
vn -0.238944 -0.787372 0.568288
vn -0.140237 -0.836201 0.53019
vn -0.0265269 -0.877854 0.478193
vn 0.0364381 -0.917827 0.395305
vn 0.024217 -0.974855 0.221522
vn 0.0510807 -0.53975 -0.840274
vn 0.0165718 -0.893153 -0.449447
vn 0.0273895 -0.998878 0.0386347
vn 0.132363 -0.988768 0.0694103
vn 0.723572 0.648933 0.235222
vn 0.431134 -0.881045 -0.194634
vn 0.847568 -0.0537357 -0.52796
vn 0.601953 -0.591956 -0.535949
vn 0.910337 0.40344 -0.0923124
vn 0.18957 0.843474 -0.502608
vn -0.214828 0.828341 -0.517397
vn -0.212403 0.822614 -0.527439
vn -0.180746 0.798078 -0.574807
vn -0.153584 0.761879 -0.629247
vn -0.130893 0.790677 -0.598077
vn -0.0288447 0.742099 -0.66967
vn -0.051143 0.772379 -0.6331
vn -0.162292 0.751978 -0.638898
vn -0.0948337 0.547117 -0.831667
vn 0.209453 0.426896 -0.87971
vn -0.100132 0.463163 -0.880599
vn -0.209132 0.540994 -0.81461
vn -0.219694 0.636941 -0.738945
vn -0.205981 0.713458 -0.669739
vn -0.209101 0.779831 -0.590034
vn -0.190138 0.805353 -0.561475
vn 0.615368 0.510593 -0.600514
vn 0.986007 0.099246 -0.133945
vn -0.187187 0.667522 -0.720677
vn 0.99465 0.0611792 -0.0832345
vn 0.99762 0.0374675 -0.0578875
vn 0.998877 0.0380314 -0.0282409
vn 0.991174 0.13213 -0.0107217
vn 0.568024 0.822981 0.00707316
vn 0.236742 0.971281 0.0237813
vn 0.125253 0.991924 0.0199807
vn 0.0162817 0.999607 0.0228324
vn -0.177322 0.983488 0.0361782
vn -0.286393 0.95725 0.0406338
vn -0.365804 0.930458 0.0208636
vn -0.825378 0.564224 0.0200559
vn -0.983593 0.17603 -0.0394666
vn -0.992395 0.11849 -0.0333513
vn -0.981134 0.130306 -0.142817
vn -0.439631 -0.0530999 -0.896608
vn -0.0233695 0.0226 -0.999471
vn -0.61377 0.141753 -0.776655
vn 0.0694057 0.0249164 -0.997277
vn -0.474922 0.811617 -0.340185
vn -0.45965 0.620249 0.635621
vn -0.467052 0.447688 0.762521
vn -0.479944 0.250627 0.840737
vn -0.998133 0.0435592 0.0428179
vn -0.698209 0.196906 -0.688282
vn 0.143668 -0.0369434 -0.988936
vn -0.262702 0.667577 -0.696655
vn -0.346956 0.636339 -0.688981
vn -0.147328 0.172139 -0.973993
vn -0.0360471 0.362788 -0.931174
vn -0.166242 0.710201 -0.684089
vn -0.592985 0.39679 -0.700662
vn -0.75667 -0.464927 -0.459667
vn -0.709843 -0.616984 -0.339784
vn -0.372718 -0.785815 0.493534
vn -0.286804 -0.782273 0.552985
vn -0.812081 -0.546919 -0.203479
vn -0.213703 -0.813601 0.540726
vn -0.0778822 -0.861432 0.501866
vn -0.0017986 -0.920479 0.390789
vn 0.0103348 -0.996579 0.0819921
vn 0.0136078 -0.483537 -0.875218
vn 0.0138714 -0.88162 -0.471756
vn 0.00865148 -0.99708 0.0758683
vn 0.139883 -0.943745 0.29963
vn 0.428159 -0.896919 -0.110525
vn 0.527284 0.848704 -0.0409189
vn 0.896626 0.437473 0.0684008
vn 0.318939 -0.438278 -0.840352
vn 0.102674 0.0497696 -0.993469
vn 0.780174 -0.596087 -0.189759
vn 0.995442 0.0916164 -0.0264885
vn 0.821177 0.480891 -0.307265
vn 0.126079 0.841457 -0.525409
vn -0.197735 0.796328 -0.571632
vn -0.215165 0.809852 -0.54575
vn -0.216547 0.813299 -0.540048
vn -0.189376 0.80282 -0.565346
vn -0.0977871 0.800246 -0.591645
vn -0.116261 0.789172 -0.603068
vn -0.204699 0.745885 -0.633841
vn -0.210401 0.786559 -0.580566
vn -0.207412 0.80272 -0.559125
vn 0.12509 0.81469 -0.566244
vn 0.972421 0.117746 -0.201327
vn 0.995359 0.0553777 -0.0787075
vn 0.998128 0.0382719 -0.0476952
vn 0.999045 0.0294681 -0.0322576
vn 0.999074 0.0428222 0.00415138
vn 0.988793 0.1492 -0.00523643
vn 0.58485 0.811081 0.00990813
vn 0.23451 0.97183 0.0234822
vn 0.116092 0.992997 0.0219065
vn 0.0161503 0.999635 0.0216783
vn -0.185545 0.982214 0.028785
vn -0.292926 0.955145 0.043511
vn -0.468359 0.883263 -0.0220455
vn -0.93155 0.356445 0.0718497
vn -0.987515 0.154659 -0.0299063
vn -0.994538 0.0743866 -0.073221
vn -0.994924 0.0587108 -0.0817254
vn -0.993321 0.0910489 -0.0708718
vn -0.882525 0.209484 -0.42103
vn -0.0262081 0.133735 -0.990671
vn 0.0346911 0.0565481 -0.997797
vn -0.113012 0.320122 -0.940612
vn 0.0867204 -0.0161461 -0.996102
vn -0.404668 0.618869 -0.673235
vn -0.50345 0.713989 -0.486578
vn -0.569948 0.528775 0.628933
vn -0.489867 0.552603 0.674285
vn -0.96617 0.223165 -0.129276
vn -0.796908 0.26463 -0.543055
vn -0.431598 0.221585 -0.874427
vn 0.0301311 -0.0522254 -0.998181
vn -0.0209075 0.0785645 -0.99669
vn 0.0243845 0.0274046 -0.999327
vn -0.0319875 0.191491 -0.980973
vn -0.0702351 0.655317 -0.752081
vn -0.145895 0.760987 -0.63215
vn -0.623623 0.321876 -0.712383
vn -0.677672 0.199408 -0.707812
vn -0.874699 -0.39196 -0.285079
vn -0.397553 -0.784877 0.47531
vn -0.276825 -0.800246 0.531953
vn -0.70892 0.0965766 -0.698645
vn -0.20086 -0.857221 0.47416
vn -0.0152741 -0.934206 0.356406
vn -0.0028507 -0.993783 -0.111296
vn 0.00155551 -0.469353 -0.88301
vn 0.0141098 -0.870358 -0.492217
vn 0.000145422 -0.998991 0.0449124
vn 0.0355192 -0.909069 0.41513
vn 0.309964 -0.942479 0.125124
vn 0.525603 -0.625468 -0.576655
vn 0.908801 0.316036 0.272399
vn 0.988134 0.0992236 0.117245
vn 0.717559 -0.474346 -0.510006
vn 0.996691 -0.0527547 -0.0618315
vn 0.871562 -0.469943 -0.139761
vn 0.601012 -0.500567 -0.623071
vn 0.999497 0.029937 -0.010446
vn 0.990163 0.0805756 -0.114387
vn 0.593846 0.737171 -0.322376
vn -0.213998 0.808345 -0.548436
vn -0.215764 0.807342 -0.549222
vn -0.208369 0.801909 -0.559932
vn 0.999417 0.0331385 0.00821628
vn 0.999521 0.0297011 0.00869514
vn 0.998943 0.0459652 0.000696468
vn 0.988242 0.152869 0.0031128
vn 0.599971 0.799835 0.0173021
vn 0.240203 0.970518 0.0199422
vn 0.114887 0.993009 0.0270816
vn 0.010184 0.999641 0.0247839
vn -0.18682 0.982096 0.0242185
vn -0.304301 0.952258 0.0245916
vn -0.649472 0.760202 -0.0167026
vn -0.987081 0.157284 0.0305292
vn -0.99522 0.0953787 -0.0209657
vn -0.998302 0.0298323 -0.0500266
vn -0.995 0.0351199 -0.0934952
vn -0.993879 0.0618597 -0.0915303
vn -0.967455 0.149578 -0.204102
vn -0.328223 0.482435 -0.812112
vn 0.0102129 0.202857 -0.979155
vn 0.0408918 0.0762625 -0.996249
vn 0.00876798 0.379267 -0.925246
vn 0.0505546 -0.0631689 -0.996722
vn -0.503098 0.43683 -0.745702
vn -0.688008 0.472178 -0.551084
vn -0.805412 0.406179 -0.431661
vn -0.648344 0.332414 -0.684946
vn -0.205104 0.122164 -0.971086
vn -0.0728168 -0.050606 -0.996061
vn 0.032295 -0.0631194 -0.997483
vn -0.0093677 0.104336 -0.994498
vn -0.0649914 0.52438 -0.849001
vn -0.0655353 0.773513 -0.630383
vn -0.150501 0.783015 -0.60352
vn -0.142135 0.775751 -0.614824
vn -0.735401 0.0756248 -0.673399
vn -0.881291 -0.215807 -0.42042
vn -0.404927 -0.832944 0.377144
vn -0.351944 -0.855629 0.379519
vn -0.155152 0.738811 -0.65581
vn -0.0067916 -0.999074 -0.0424793
vn 0.00147776 -0.961357 -0.275302
vn 0.00985799 -0.469887 -0.882672
vn 0.00513507 -0.862907 -0.505336
vn 0.00226045 -0.999462 -0.0327166
vn -0.0472171 -0.915534 0.399459
vn 0.0482769 -0.984544 0.168354
vn 0.33389 -0.755964 -0.56306
vn 0.595513 -0.78122 0.187239
vn 0.788562 0.0306502 0.614191
vn 0.989814 0.0406981 0.136426
vn 0.987094 -0.157117 -0.0309659
vn 0.697332 -0.333983 -0.634179
vn 0.74934 -0.63501 0.187753
vn 0.99267 0.0968381 0.0723091
vn 0.999318 0.036291 0.00689807
vn 0.999408 0.031894 -0.0129338
vn 0.990672 0.13602 0.0082695
vn 0.628651 0.777656 0.00695353
vn 0.250635 0.967889 0.0193011
vn 0.121091 0.992262 0.0274315
vn 0.00329518 0.999618 0.0274302
vn -0.187927 0.98199 0.0194938
vn -0.324708 0.94564 0.0181764
vn -0.781209 0.62426 -0.0035047
vn -0.996056 0.0882293 -0.00941641
vn -0.998611 0.0487389 -0.0200262
vn -0.999564 0.00681757 -0.0287282
vn -0.998855 0.0123882 -0.0462161
vn -0.991992 0.0448016 -0.118086
vn -0.984728 0.11038 -0.134635
vn -0.581383 0.529039 -0.618152
vn 0.00641851 0.566417 -0.824094
vn 0.00938237 0.279478 -0.960106
vn 0.0206668 0.469443 -0.882721
vn -0.537936 0.345527 -0.768919
vn -0.0378556 0.380992 -0.923803
vn -0.0172198 0.713964 -0.69997
vn -0.065998 0.809144 -0.583892
vn -0.0431706 0.811015 -0.58343
vn -0.216871 0.699832 -0.68059
vn -0.702195 0.0812847 -0.70733
vn -0.75297 -0.230793 -0.616256
vn -0.383508 -0.530739 -0.755802
vn 0.00328135 0.811451 -0.584412
vn -0.144277 -0.573564 -0.806355
vn -0.0233143 -0.475228 -0.879553
vn -0.33565 -0.520611 -0.78505
vn 0.0166089 -0.994778 -0.100705
vn -0.232824 -0.957547 0.169991
vn -0.166261 -0.982636 0.0823592
vn 0.0028602 -0.812542 -0.582896
vn 0.376467 -0.915063 0.14468
vn 0.5522 -0.71684 0.425694
vn 0.98727 -0.150272 0.0521187
vn 0.798257 0.268005 0.539407
vn 0.791151 -0.149777 -0.592999
vn 0.879777 -0.450957 0.150432
vn 0.695312 -0.586149 0.415898
vn 0.893025 0.276562 0.354994
vn 0.978924 0.170705 0.112106
vn 0.999813 0.0188345 -0.00439699
vn 0.994023 0.109102 0.00392897
vn 0.691681 0.722203 -0.00107405
vn 0.263642 0.964429 0.0192093
vn 0.134373 0.990505 0.0290659
vn -0.00100011 0.999563 0.0295534
vn -0.191131 0.98142 0.0168188
vn -0.33526 0.94199 0.0159607
vn -0.839119 0.543933 0.0039443
vn -0.996692 0.0807451 -0.00921146
vn -0.999776 0.0187607 -0.00975251
vn -0.999837 0.00558604 -0.017198
vn -0.999825 0.00269558 -0.0185083
vn -0.99596 0.0310755 -0.0842444
vn -0.984858 0.0928943 -0.146372
vn -0.77999 0.449582 -0.435306
vn 0.0107899 0.732784 -0.680376
vn 0.0477405 0.670892 -0.740017
vn 0.0170224 0.590475 -0.806877
vn 0.0362859 0.810087 -0.585186
vn 0.0729183 0.826405 -0.558335
vn 0.0381689 0.831242 -0.554599
vn -0.206128 0.635786 -0.743833
vn -0.643295 0.063895 -0.762948
vn -0.425868 -0.180208 -0.886657
vn 0.0923299 0.817638 -0.568281
vn -0.0172847 -0.275293 -0.961205
vn -0.0393536 -0.237754 -0.970528
vn -0.339926 -0.923323 0.178678
vn 0.0896927 -0.995615 -0.0265662
vn -0.457192 -0.885455 -0.0833331
vn -0.138027 -0.826228 -0.546164
vn 0.0553826 -0.984275 0.167734
vn 0.323693 -0.847087 0.421506
vn 0.417373 -0.502348 0.757263
vn 0.794136 0.0352698 -0.606716
vn 0.939912 0.0708089 -0.333994
vn 0.965281 -0.253494 0.0630276
vn 0.798454 -0.414847 0.436318
vn 0.522428 -0.433033 0.734541
vn 0.874437 0.329834 -0.355767
vn 0.975009 0.157405 -0.156785
vn 0.999807 0.0176484 -0.00862695
vn 0.993205 0.115275 0.0159613
vn 0.77971 0.625781 0.0212344
vn 0.276977 0.960706 0.0181067
vn 0.151094 0.988132 0.0276849
vn -0.00360642 0.999694 0.0244644
vn -0.189087 0.981872 0.0131861
vn -0.32902 0.944161 0.0174753
vn -0.871704 0.489974 -0.00761799
vn -0.996656 0.0813417 0.00771618
vn -0.999952 0.00948722 -0.00229922
vn -0.999984 0.00467457 -0.00322914
vn -0.99993 0.0118425 3.96789e-05
vn -0.999399 0.0120082 -0.0325329
vn -0.988394 0.0642054 -0.137679
vn -0.893073 0.320029 -0.316232
vn -0.00775278 0.818007 -0.575157
vn 0.0775976 0.787948 -0.610833
vn 0.0513781 0.757446 -0.650873
vn 0.0779087 0.811958 -0.578493
vn 0.0727201 0.833828 -0.547214
vn 0.00284764 0.802652 -0.596441
vn -0.297199 0.608623 -0.735698
vn -0.125283 0.25791 -0.958012
vn 0.0907199 0.816253 -0.570526
vn -0.0359339 0.448721 -0.892949
vn -0.95183 -0.280979 -0.12276
vn 0.0204206 -0.996356 0.0828063
vn -0.370923 -0.606153 -0.703559
vn -0.597318 -0.761294 -0.252274
vn -0.387721 -0.837003 -0.386134
vn -0.131029 -0.966549 0.220486
vn 0.155258 -0.881703 0.445528
vn 0.235058 -0.53378 0.812297
vn 0.340709 -0.384315 0.858032
vn 0.998396 -0.0184319 -0.0535347
vn 0.931184 0.130379 -0.340438
vn 0.849842 -0.237468 0.470507
vn 0.552878 -0.358946 0.751987
vn 0.333666 -0.333229 0.881831
vn 0.947654 0.300113 0.109018
vn 0.999839 0.0174893 0.00407028
vn 0.978868 0.121118 0.164769
vn 0.877409 0.371829 0.303144
vn 0.665487 0.698051 0.264296
vn 0.294563 0.955388 0.0215952
vn 0.166469 0.985809 0.0216512
vn -0.000445949 0.999838 0.0179788
vn -0.177874 0.983984 0.0116835
vn -0.314408 0.949169 0.0150302
vn -0.889012 0.457877 -0.00244595
vn -0.996739 0.0763173 -0.026216
vn -0.999829 0.0100683 0.0155424
vn -0.999952 -0.00296253 0.00939117
vn -0.994892 0.0884907 0.0485626
vn -0.999848 0.0144027 0.00980503
vn -0.996992 0.0232082 -0.0739439
vn -0.940824 0.23528 -0.243913
vn -0.116044 0.859493 -0.4978
vn 0.0759804 0.818754 -0.569095
vn 0.0700807 0.841005 -0.53647
vn 0.0334791 0.857915 -0.512699
vn -0.0878404 0.800172 -0.593303
vn 0.0532661 0.650514 -0.757624
vn -0.883485 0.465284 -0.0544618
vn -0.995871 -0.0688882 0.0591232
vn -0.878359 -0.477302 0.0258511
vn -0.23502 -0.392576 -0.889185
vn -0.634987 -0.153528 -0.757113
vn -0.853216 -0.446473 -0.269601
vn -0.693315 -0.625184 -0.358411
vn -0.400612 -0.891134 0.213052
vn -0.0863496 -0.860322 0.502384
vn 0.0825683 -0.584784 0.806976
vn 0.25095 -0.494022 0.832446
vn 0.466728 -0.600731 0.649067
vn 0.904299 0.00383129 0.426883
vn 0.935628 0.226417 0.270805
vn 0.55129 -0.191607 0.812014
vn 0.36776 -0.257376 0.893594
vn 0.552448 -0.505189 0.663012
vn 0.730147 0.306052 0.610915
vn 0.879842 0.158843 0.447937
vn 0.593644 0.312017 0.741776
vn 0.563114 0.612898 0.554308
vn 0.494196 0.865662 -0.0799946
vn 0.348279 0.937318 -0.0116477
vn 0.174533 0.984484 0.0181617
vn 0.00966923 0.999928 0.00710409
vn -0.158255 0.987378 0.00637784
vn -0.30025 0.953789 0.0116879
vn -0.874507 0.485 0.00340702
vn -0.998059 0.0598583 -0.0171659
vn -0.999692 0.0195061 -0.0153476
vn -0.944183 0.25871 0.20393
vn -0.819813 0.303241 0.485749
vn -0.992832 0.0422502 0.111802
vn -0.99998 -0.00214904 0.00595627
vn -0.963437 0.212326 -0.163425
vn -0.281075 0.852219 -0.44127
vn 0.0307469 0.847841 -0.529359
vn 0.0312504 0.86991 -0.492219
vn 0.00321406 0.850224 -0.526411
vn -0.642379 0.525442 -0.557906
vn -0.00369009 0.871344 -0.490658
vn -0.687153 0.722596 -0.0753386
vn -0.915244 0.392261 0.0919785
vn -0.504634 -0.0269005 -0.862914
vn -0.662822 0.747444 -0.0446502
vn -0.968774 -0.223615 -0.107114
vn -0.743577 -0.526087 -0.412705
vn -0.695987 -0.652331 0.300111
vn -0.461046 -0.83235 0.307622
vn -0.303601 -0.765962 0.566682
vn -0.0295252 -0.638731 0.768863
vn 0.0733166 -0.560294 0.825042
vn 0.368789 -0.761622 0.532847
vn 0.162622 -0.607021 0.777869
vn 0.556384 -0.590538 0.584552
vn 0.646829 0.00914643 0.762581
vn 0.709077 0.221083 0.669576
vn 0.538603 -0.0591387 0.840482
vn 0.466344 -0.199202 0.861883
vn 0.674129 -0.402696 0.619182
vn 0.543329 -0.602503 0.584623
vn 0.347562 0.158761 0.924119
vn 0.383544 0.228617 0.894778
vn 0.551802 0.569705 0.609058
vn 0.444182 0.884515 0.1426
vn 0.100293 0.0360195 0.994306
vn 0.56152 0.798713 0.216224
vn 0.164902 0.986259 -0.0100419
vn 0.0254545 0.999188 -0.0312283
vn -0.140609 0.98943 -0.0354544
vn -0.282887 0.959073 0.0123636
vn -0.795638 0.604777 0.0347028
vn -0.99866 0.051241 0.0072844
vn -0.998992 0.00382447 -0.0447229
vn -0.93268 0.245726 -0.264059
vn -0.870083 0.208016 -0.446861
vn -0.789205 0.11544 0.603182
vn -0.994367 -0.0243025 0.103171
vn -0.971165 0.233087 -0.0500946
vn -0.469391 0.799333 -0.375153
vn -0.0261024 0.874838 -0.483713
vn -0.0954633 0.87804 -0.46897
vn -0.625082 0.742188 -0.241723
vn -0.96703 0.253263 0.0266641
vn -0.936198 0.0800109 0.342244
vn -0.986372 -0.098767 -0.131589
vn -0.872964 -0.301767 -0.383236
vn -0.788875 -0.576791 0.212105
vn -0.583148 -0.495448 0.643793
vn -0.417188 -0.640056 0.645199
vn -0.365763 -0.687698 0.627127
vn -0.145527 -0.56851 0.809703
vn -0.00987182 -0.510593 0.859766
vn 0.135983 -0.80595 0.576154
vn 0.430863 -0.780656 0.452695
vn 0.251506 -0.749666 0.612165
vn 0.156921 -0.84133 0.517242
vn -0.00830077 -0.0403377 0.999152
vn 0.479187 0.0301903 0.877193
vn 0.39851 0.0911996 0.912619
vn 0.568948 -0.131644 0.811769
vn 0.567064 -0.0232359 0.823346
vn 0.747738 -0.278069 0.602964
vn 0.73075 -0.316161 0.605018
vn 0.011343 -0.0221447 0.99969
vn 0.697754 0.34745 0.626433
vn 0.650333 0.454361 0.608788
vn 0.430807 0.725871 0.536206
vn 0.0536889 -0.0208418 0.99834
vn 0.0550221 0.388549 0.919784
vn 0.105044 0.339251 0.934812
vn 0.0459428 0.991224 0.123951
vn 0.0342093 0.999312 0.014367
vn -0.0448644 0.99406 0.0991518
vn -0.26969 0.961753 -0.0479488
vn -0.576972 0.803613 0.145973
vn -0.985744 0.0990769 0.135989
vn -0.999624 0.00826198 0.0261628
vn -0.986266 0.155138 0.0566746
vn -0.988539 0.150945 -0.00243568
vn -0.924838 0.107016 -0.364997
vn -0.818627 -0.0441543 0.572626
vn -0.943358 -0.0361787 -0.329798
vn -0.915314 -0.354843 0.190492
vn -0.669211 -0.449979 0.591334
vn -0.286963 -0.31073 0.906145
vn -0.237284 -0.311095 0.92028
vn -0.232488 -0.428744 0.872999
vn -0.103027 -0.52177 0.846842
vn -0.0278529 -0.813832 0.580432
vn 0.11913 -0.991448 0.053283
vn 0.221736 -0.862184 0.455492
vn 0.144808 -0.851513 0.503941
vn 0.130395 -0.974501 0.182604
vn -0.175108 -0.860789 0.477891
vn 0.00604942 -0.034351 0.999392
vn 0.76902 0.0508013 0.637203
vn 0.729436 0.206112 0.652259
vn 0.787735 -0.164269 0.593708
vn 0.79507 -0.0495831 0.604488
vn 0.832141 -0.25904 0.490346
vn 0.798131 -0.144975 0.584782
vn 0.809578 0.158089 0.565325
vn 0.827831 0.29678 0.476044
vn 0.6907 0.333803 0.64149
vn 9.70958e-05 -0.0291657 0.999575
vn -0.0212849 0.221613 0.974902
vn 0.00421863 0.987963 0.154635
vn -0.0418716 0.975269 0.217017
vn -0.0212673 0.961513 0.273934
vn 0.00978438 0.962969 0.269434
vn 0.0161739 0.975444 0.219654
vn -0.0896689 0.930188 0.355963
vn -0.393749 0.918433 -0.0379867
vn -0.897921 0.335241 0.285221
vn -0.942043 0.092756 0.322416
vn -0.881017 0.218048 0.419838
vn -0.758703 0.215313 0.614825
vn -0.880778 0.239258 0.408638
vn -0.940552 0.231668 -0.248378
vn -0.977011 -0.0433053 0.208743
vn -0.775034 -0.305455 0.553191
vn -0.424453 -0.265284 0.865716
vn -0.261165 -0.303779 0.916249
vn -0.528428 -0.35201 0.772563
vn -0.312938 -0.567911 0.76128
vn -0.205105 -0.549929 0.809636
vn -0.223273 -0.830145 0.510889
vn 0.01151 -0.995551 0.0935201
vn 0.044097 -0.987261 0.152874
vn 0.0349677 -0.956501 0.289624
vn 0.0165215 -0.997797 -0.0642464
vn 0.0183464 -0.977093 0.21202
vn 0.0160428 -0.997442 -0.0696519
vn 0.13036 -0.934327 0.331723
vn 0.900842 -0.200428 0.385113
vn 0.978425 0.0212659 0.205504
vn 0.905569 0.252207 0.34108
vn 0.951169 -0.0603392 0.302714
vn 0.987468 -0.0418949 0.15216
vn 0.931813 -0.116246 0.343818
vn 0.985689 0.01812 -0.167597
vn 0.989454 -0.020129 -0.143439
vn 0.856275 0.0702843 0.511716
vn 0.701669 0.103009 0.705018
vn 0.708167 -0.105855 0.698064
vn -0.0561728 0.0517217 0.997081
vn -0.0111339 0.98622 0.165067
vn -0.000523122 0.999928 -0.0120017
vn 0.00351552 0.999977 0.0058278
vn -0.00107611 0.999791 0.0204379
vn -0.0102609 0.999734 0.0206659
vn -0.0165921 0.999807 0.0104823
vn 0.0168648 0.987171 0.158775
vn -0.282764 0.805724 0.520436
vn -0.782112 0.620372 0.0586528
vn -0.796058 0.302836 0.524006
vn -0.471558 0.306652 0.8268
vn -0.375874 0.364512 0.851968
vn -0.709286 0.111204 0.696094
vn -0.455128 0.135285 0.880089
vn -0.85317 0.115851 0.508606
vn -0.949222 0.205692 0.238052
vn -0.848764 -0.040516 0.527218
vn -0.536367 -0.191845 0.821892
vn -0.512573 -0.25326 0.820444
vn -0.531931 -0.456981 0.712894
vn -0.410181 -0.578079 0.705391
vn -0.790619 -0.533809 0.299947
vn -0.37461 -0.827134 0.418948
vn -0.322379 -0.854059 0.408234
vn -0.16115 -0.941473 0.296072
vn 0.0369325 -0.996396 0.076357
vn 0.0135839 -0.997551 -0.0686178
vn 0.00473867 -0.997579 -0.0693765
vn 0.0460004 -0.122802 -0.991365
vn 0.0155279 -0.997289 -0.071933
vn -0.00156297 -0.0895114 -0.995985
vn 0.10607 -0.991206 -0.0791186
vn 0.97796 -0.181917 -0.102473
vn 0.987602 -0.0402029 0.151745
vn 0.94235 0.108495 0.316552
vn 0.976481 0.0381007 0.21221
vn 0.97813 0.00599154 0.207909
vn 0.97466 0.0151134 -0.223182
vn 0.0201431 0.0142202 -0.999696
vn 0.0166547 0.00457442 -0.999851
vn 0.965454 0.0223808 -0.259609
vn 0.975974 0.0153321 -0.217348
vn 0.973956 0.0673127 -0.216514
vn 0.859878 0.215588 0.462744
vn 0.0358002 0.980632 0.19256
vn 0.00469225 0.999645 -0.0262164
vn 0.00258673 0.187767 -0.98221
vn -0.00846589 0.203615 -0.979014
vn 0.0144157 0.212256 -0.977108
vn 0.00979744 0.207009 -0.97829
vn 0.00216751 0.222312 -0.974973
vn -0.0205329 0.999784 0.00310464
vn -0.134638 0.952291 0.273887
vn -0.40077 0.605278 0.687766
vn -0.568965 0.711743 0.411948
vn -0.561591 0.488867 0.667552
vn -0.579507 0.46684 0.668006
vn -0.466723 0.109021 0.877658
vn -0.627137 0.0498807 0.777311
vn -0.670824 0.203012 0.713289
vn -0.596772 -0.0486108 0.800937
vn -0.492893 -0.173841 0.852547
vn -0.792879 -0.420217 0.441318
vn -0.756611 -0.618663 0.211649
vn -0.65659 -0.678889 0.328632
vn -0.420449 -0.298757 0.856719
vn -0.192571 -0.69745 0.690275
vn -0.230795 -0.807209 0.543274
vn -0.0108415 -0.997727 0.0665114
vn 0.00904487 -0.998168 -0.059823
vn 0.0214955 -0.0233647 -0.999496
vn 0.0213825 -0.0950214 -0.995246
vn 0.0316319 0.00672611 -0.999477
vn 0.0270347 -0.0579484 -0.997953
vn 0.0312143 0.00406998 -0.999504
vn 0.0692604 -0.106241 -0.991925
vn 0.992396 0.00887099 0.122766
vn 0.924364 0.000696894 -0.381512
vn 0.952478 0.0134985 -0.304307
vn 0.959342 0.02501 -0.281137
vn 0.928976 0.0269295 -0.369158
vn 0.0226012 0.016016 -0.999616
vn 0.0305587 0.00981652 -0.999485
vn 0.0085345 0.0392179 -0.999194
vn 0.0149682 0.0378455 -0.999172
vn 0.0296456 0.0554278 -0.998022
vn 0.915256 0.374111 -0.149493
vn 0.0392044 0.998439 -0.0397899
vn 0.0259433 0.191147 -0.981218
vn 0.00803683 0.0407928 -0.999135
vn 0.00771355 0.0521476 -0.99861
vn 0.00956888 0.0578977 -0.998277
vn 0.0116231 0.0577568 -0.998263
vn 0.0134522 0.0527886 -0.998515
vn -0.00221015 0.263011 -0.96479
vn -0.0131075 0.999912 -0.00206728
vn -0.178514 0.778151 0.602174
vn -0.513885 0.549191 0.659023
vn -0.819098 0.513582 0.255563
vn -0.819573 0.571092 0.0464101
vn -0.717096 0.159674 0.678437
vn -0.454131 0.00855475 0.890894
vn -0.880047 0.455201 0.135311
vn -0.477494 -0.0657819 0.876169
vn -0.795697 -0.28381 0.535087
vn -0.714892 -0.253201 0.65178
vn -0.322072 -0.337655 0.884454
vn -0.464138 -0.393023 0.793794
vn -0.88667 -0.205642 0.41416
vn -0.112748 -0.912037 0.394305
vn -0.0708004 -0.981117 0.179989
vn 0.0072449 -0.998392 -0.056218
vn 0.0063594 -0.0122887 -0.999904
vn 0.00882969 0.00954965 -0.999915
vn 0.00510558 0.00838687 -0.999952
vn 0.026765 0.0126677 -0.999562
vn 0.00659371 0.00918034 -0.999936
vn 0.859746 0.0154947 -0.510488
vn 0.858599 0.0342665 -0.511501
vn -0.00778948 0.036042 -0.99932
vn -0.000698483 0.0354175 -0.999372
vn 0.019551 0.0158345 -0.999683
vn 0.0085397 0.0163722 -0.99983
vn 0.0312144 0.0165204 -0.999376
vn 0.0131391 0.032251 -0.999394
vn 0.0163297 0.0334407 -0.999307
vn 0.0196545 0.036912 -0.999125
vn 0.0582221 0.228232 -0.971864
vn 0.0126475 0.0308721 -0.999443
vn 0.0110176 0.0290803 -0.999516
vn 0.0105608 0.0284737 -0.999539
vn 0.0104473 0.0282464 -0.999546
vn 0.0104174 0.0280604 -0.999552
vn 0.0171041 0.0415309 -0.998991
vn -0.0164558 0.320685 -0.947043
vn -0.0227141 0.999718 0.0069888
vn 0.0511406 0.725969 0.685824
vn -0.0487738 0.0584819 0.997096
vn -0.223449 0.0854521 0.970963
vn -0.359559 0.178285 0.915932
vn -0.992632 0.0955478 0.0745196
vn -0.803909 -0.0108307 0.594654
vn -0.572545 0.0741811 0.81651
vn -0.8284 -0.0909556 0.552703
vn -0.964287 -0.0926052 0.248141
vn -0.980443 -0.0548711 0.188997
vn -0.0161786 -0.0406735 0.999042
vn 0.00256282 -0.0578115 0.998324
vn -0.896392 0.195998 0.397576
vn -0.984495 0.00479406 -0.175348
vn 0.240658 -0.917728 0.316005
vn 0.0088977 -0.998544 -0.0532149
vn 0.00238356 -0.998313 -0.0580056
vn -0.00850685 -0.0190588 -0.999782
vn 0.00842557 0.00925278 -0.999922
vn 0.00797319 0.0197316 -0.999774
vn 0.00432538 0.0171808 -0.999843
vn 0.0192452 0.0205702 -0.999603
vn 0.00547524 0.0181456 -0.99982
vn -0.00429876 0.0270328 -0.999625
vn -0.00903768 0.0310206 -0.999478
vn 0.0102745 0.0334942 -0.999386
vn 0.0105439 0.0292112 -0.999518
vn 0.0265244 0.0239097 -0.999362
vn 0.018652 0.0299708 -0.999377
vn 0.0109938 0.0290531 -0.999517
vn 0.0104746 0.0282569 -0.999546
vn 0.0104055 0.0280482 -0.999552
vn 0.0103559 0.0279898 -0.999555
vn 0.0103338 0.0279742 -0.999555
vn 0.0104454 0.027925 -0.999555
vn 0.0105908 0.0333209 -0.999389
vn -0.0296004 0.387399 -0.921437
vn -0.00963947 0.999837 0.0152638
vn -0.134988 0.786153 0.60311
vn -0.178128 0.0394484 0.983216
vn -0.188173 -0.0524686 0.980733
vn -0.366594 -0.0413681 0.929461
vn -0.971918 -0.0212671 0.234356
vn -0.998176 -0.0243114 -0.0552509
vn -0.97755 -0.0794156 0.195164
vn -0.998613 -0.0453932 -0.0266921
vn -0.979044 0.0661058 0.192622
vn -0.976604 0.00821468 -0.21489
vn -0.00679297 -0.0484195 0.998804
vn -0.983784 -0.045844 -0.173397
vn -0.95483 -0.257742 0.147881
vn 0.00418245 0.023186 -0.999722
vn -0.0963011 -0.990846 0.0946081
vn 0.000545208 -0.998216 -0.0597006
vn 0.00458493 -0.0556628 -0.998439
vn -0.0054193 -0.0321001 -0.99947
vn 0.000320113 0.00389437 -0.999992
vn 0.00762458 0.0217217 -0.999735
vn 0.00642766 0.026707 -0.999623
vn 0.00419012 0.0240173 -0.999703
vn 0.0136683 0.0303996 -0.999444
vn 0.00377582 0.024826 -0.999685
vn 0.013441 0.0323355 -0.999387
vn 0.0110007 0.0334304 -0.999381
vn 0.0109324 0.0333477 -0.999384
vn 0.0106785 0.0290815 -0.99952
vn 0.0114581 0.0341143 -0.999352
vn 0.0106805 0.029729 -0.999501
vn 0.0106509 0.0304429 -0.99948
vn 0.0106243 0.0310826 -0.99946
vn 0.0105812 0.0316828 -0.999442
vn 0.0103464 0.0279005 -0.999557
vn 0.0103089 0.0279475 -0.999556
vn 0.00129751 0.0363567 -0.999338
vn 0.00566184 0.442187 -0.896905
vn -0.0438224 0.999014 -0.00719393
vn -0.936903 0.34869 0.0250741
vn -0.996294 0.013151 0.0849985
vn -0.996687 0.010941 0.0805987
vn -0.996856 -0.0113839 0.0784152
vn -0.93962 0.0152693 -0.341879
vn -0.965159 -0.0434098 0.25804
vn -0.937435 0.0138408 -0.347886
vn -0.963107 -0.00440047 0.269084
vn -0.966272 0.0185243 -0.256855
vn 0.00443358 0.0302506 -0.999533
vn 0.00105393 0.00455451 -0.999989
vn -0.96584 -0.2039 -0.159931
vn 0.00478055 0.0261928 -0.999646
vn -0.0591803 -0.993712 -0.0950452
vn 0.0221797 -0.0510898 -0.998448
vn 0.019307 0.00368908 -0.999807
vn 0.000521357 0.00121387 -0.999999
vn 0.00570363 0.0220247 -0.999741
vn 0.00627047 0.0278426 -0.999593
vn 0.00429549 0.0218684 -0.999752
vn 0.00828201 0.0279715 -0.999574
vn 0.00427655 0.021869 -0.999752
vn 0.0110446 0.0341781 -0.999355
vn 0.0109196 0.0343862 -0.999349
vn 0.011005 0.0333037 -0.999385
vn 0.0116516 0.0349238 -0.999322
vn 0.0109896 0.0333372 -0.999384
vn 0.0109097 0.0334037 -0.999382
vn 0.0111119 0.0337218 -0.99937
vn 0.0105797 0.0322692 -0.999423
vn 0.0103466 0.0278093 -0.99956
vn 0.00743272 0.0320921 -0.999457
vn 0.00143384 0.0427814 -0.999083
vn -0.0125881 0.508077 -0.86122
vn -0.665165 0.645654 -0.375081
vn -0.895244 0.116668 -0.430031
vn -0.958087 0.00109179 -0.286476
vn -0.957971 -0.0133897 -0.286554
vn -0.941804 -0.00554504 -0.336117
vn -0.11609 0.0435292 -0.992285
vn -0.943673 0.0331049 -0.329221
vn -0.14636 0.0385767 -0.988479
vn -0.955491 0.016311 -0.29457
vn -0.00328113 0.0315643 -0.999496
vn 0.00626502 0.0285388 -0.999573
vn 0.00439402 0.00463965 -0.99998
vn -0.0516017 -0.0913308 -0.994483
vn 0.0130805 0.0203658 -0.999707
vn 0.00240149 0.016981 -0.999853
vn 0.00635518 0.0283265 -0.999579
vn 0.00551491 0.0239528 -0.999698
vn 0.00643513 0.0266247 -0.999625
vn 0.00772837 0.0330277 -0.999425
vn 0.0111253 0.0344565 -0.999344
vn 0.0109968 0.0343982 -0.999348
vn 0.0109766 0.0343427 -0.99935
vn 0.0109598 0.0343187 -0.999351
vn 0.0108561 0.0337731 -0.999371
vn 0.0107773 0.0339393 -0.999366
vn 0.0106158 0.032794 -0.999406
vn 0.0105443 0.0276693 -0.999562
vn 0.00545746 0.0386252 -0.999239
vn -0.0192706 0.0639693 -0.997766
vn -0.0547812 -0.00134839 -0.998497
vn -0.117866 -0.00233733 -0.993027
vn -0.152762 0.0194058 -0.988073
vn 0.00565223 0.0241288 -0.999693
vn -0.0612109 0.0616257 -0.996221
vn 0.00589291 0.0267931 -0.999624
vn -0.019425 0.0357378 -0.999172
vn 0.00626233 0.024749 -0.999674
vn 0.00646102 0.0285795 -0.999571
vn 0.00636424 0.0284247 -0.999576
vn 0.00607746 0.024578 -0.999679
vn 0.00559456 0.0220319 -0.999742
vn 0.0105407 0.0328012 -0.999406
vn 0.0103544 0.0339465 -0.99937
vn 0.00819919 0.0299025 -0.999519
vn 0.00892094 0.0311992 -0.999473
vn 0.00914538 0.0319565 -0.999447
vn 0.0108717 0.0332472 -0.999388
vn 0.00865809 0.0299704 -0.999513
vn 0.00882057 0.0311852 -0.999475
vn 0.00720312 0.0250032 -0.999661
vn 0.0062814 0.0247938 -0.999673
vn 0.00980003 0.028798 -0.999537
vn 0.00625732 0.0247576 -0.999674
vn 0.00625754 0.0247671 -0.999674
vn 0.00628874 0.0247785 -0.999673
vn 0.00431051 0.0232764 -0.99972
vn 0.00492739 0.0250605 -0.999674
vn 0.00627046 0.0279053 -0.999591
vn 0.00602839 0.0245921 -0.999679
vn 0.00625471 0.0247315 -0.999675
vn 0.00643782 0.0248855 -0.99967
vn 0.00579314 0.0234808 -0.999708
f 1//1 2//1 3//1 4//1 
f 5//2 2//2 1//2 6//2 
f 3//3 2//3 7//3 8//3 
f 3//4 9//4 10//4 4//4 
f 11//5 12//5 1//5 4//5 
f 7//6 2//6 5//6 13//6 
f 1//7 12//7 14//7 6//7 
f 15//8 16//8 5//8 6//8 
f 7//9 17//9 18//9 8//9 
f 10//10 9//10 3//10 8//10 
f 10//11 19//11 11//11 4//11 
f 20//12 12//12 11//12 21//12 
f 5//13 16//13 22//13 13//13 
f 23//14 17//14 7//14 13//14 
f 14//15 12//15 24//15 25//15 
f 14//16 26//16 15//16 6//16 
f 27//17 16//17 15//17 28//17 
f 18//18 17//18 29//18 30//18 
f 18//19 31//19 32//19 8//19 
f 32//20 19//20 10//20 8//20 
f 11//21 19//21 33//21 21//21 
f 24//22 12//22 20//22 34//22 
f 33//23 35//23 20//23 21//23 
f 22//24 16//24 27//24 36//24 
f 22//25 37//25 23//25 13//25 
f 29//26 17//26 23//26 38//26 
f 24//27 39//27 40//27 25//27 
f 41//28 26//28 14//28 25//28 
f 15//29 26//29 42//29 28//29 
f 43//30 44//30 27//30 28//30 
f 29//31 45//31 46//31 30//31 
f 47//32 31//32 18//32 30//32 
f 32//33 31//33 48//33 49//33 
f 33//34 19//34 32//34 49//34 
f 20//35 35//35 50//35 34//35 
f 51//36 39//36 24//36 34//36 
f 52//37 35//37 33//37 49//37 
f 27//38 44//38 53//38 36//38 
f 54//39 37//39 22//39 36//39 
f 23//40 37//40 55//40 38//40 
f 56//41 45//41 29//41 38//41 
f 40//42 39//42 57//42 58//42 
f 40//43 59//43 41//43 25//43 
f 42//44 26//44 41//44 60//44 
f 42//45 61//45 43//45 28//45 
f 62//46 44//46 43//46 63//46 
f 46//47 45//47 64//47 65//47 
f 46//48 66//48 47//48 30//48 
f 48//49 31//49 47//49 67//49 
f 48//50 68//50 52//50 49//50 
f 50//51 35//51 69//51 70//51 
f 50//52 71//52 51//52 34//52 
f 57//53 39//53 51//53 72//53 
f 69//54 35//54 52//54 73//54 
f 53//55 44//55 62//55 74//55 
f 53//56 75//56 54//56 36//56 
f 55//57 37//57 54//57 76//57 
f 55//58 77//58 56//58 38//58 
f 64//59 45//59 56//59 78//59 
f 57//60 79//60 80//60 58//60 
f 81//61 59//61 40//61 58//61 
f 41//62 59//62 82//62 60//62 
f 83//63 61//63 42//63 60//63 
f 43//64 61//64 84//64 63//64 
f 85//65 86//65 62//65 63//65 
f 64//66 87//66 88//66 65//66 
f 89//67 66//67 46//67 65//67 
f 47//68 66//68 90//68 67//68 
f 91//69 68//69 48//69 67//69 
f 52//70 68//70 92//70 73//70 
f 69//71 93//71 94//71 70//71 
f 94//72 71//72 50//72 70//72 
f 51//73 71//73 95//73 72//73 
f 96//74 79//74 57//74 72//74 
f 97//75 93//75 69//75 73//75 
f 62//76 86//76 98//76 74//76 
f 99//77 75//77 53//77 74//77 
f 54//78 75//78 100//78 76//78 
f 101//79 77//79 55//79 76//79 
f 56//80 77//80 102//80 78//80 
f 103//81 87//81 64//81 78//81 
f 80//82 79//82 104//82 105//82 
f 80//83 106//83 81//83 58//83 
f 82//84 59//84 81//84 107//84 
f 82//85 108//85 83//85 60//85 
f 84//86 61//86 83//86 109//86 
f 84//87 110//87 85//87 63//87 
f 111//88 86//88 85//88 112//88 
f 88//89 87//89 113//89 114//89 
f 88//90 115//90 89//90 65//90 
f 90//91 66//91 89//91 116//91 
f 90//92 117//92 91//92 67//92 
f 92//93 68//93 91//93 118//93 
f 92//94 119//94 97//94 73//94 
f 94//95 93//95 120//95 121//95 
f 95//96 71//96 94//96 121//96 
f 95//97 122//97 96//97 72//97 
f 104//98 79//98 96//98 123//98 
f 120//99 93//99 97//99 124//99 
f 98//100 86//100 111//100 125//100 
f 98//101 126//101 99//101 74//101 
f 100//102 75//102 99//102 127//102 
f 100//103 128//103 101//103 76//103 
f 102//104 77//104 101//104 129//104 
f 102//105 130//105 103//105 78//105 
f 113//106 87//106 103//106 131//106 
f 104//107 132//107 133//107 105//107 
f 134//108 106//108 80//108 105//108 
f 81//109 106//109 135//109 107//109 
f 136//110 108//110 82//110 107//110 
f 83//111 108//111 137//111 109//111 
f 138//112 110//112 84//112 109//112 
f 85//113 110//113 138//113 112//113 
f 139//114 140//114 111//114 112//114 
f 113//115 141//115 142//115 114//115 
f 143//116 115//116 88//116 114//116 
f 89//117 115//117 144//117 116//117 
f 145//118 117//118 90//118 116//118 
f 91//119 117//119 146//119 118//119 
f 147//120 119//120 92//120 118//120 
f 97//121 119//121 148//121 124//121 
f 120//122 149//122 150//122 121//122 
f 150//123 122//123 95//123 121//123 
f 96//124 122//124 151//124 123//124 
f 152//125 132//125 104//125 123//125 
f 153//126 149//126 120//126 124//126 
f 111//127 140//127 154//127 125//127 
f 155//128 126//128 98//128 125//128 
f 99//129 126//129 156//129 127//129 
f 157//130 128//130 100//130 127//130 
f 101//131 128//131 158//131 129//131 
f 159//132 130//132 102//132 129//132 
f 103//133 130//133 160//133 131//133 
f 161//134 141//134 113//134 131//134 
f 133//135 132//135 162//135 163//135 
f 133//136 164//136 134//136 105//136 
f 135//137 106//137 134//137 165//137 
f 135//138 166//138 136//138 107//138 
f 137//139 108//139 136//139 167//139 
f 137//140 168//140 138//140 109//140 
f 138//141 168//141 139//141 112//141 
f 169//142 140//142 139//142 170//142 
f 142//143 141//143 171//143 172//143 
f 142//144 173//144 143//144 114//144 
f 144//145 115//145 143//145 174//145 
f 144//146 175//146 145//146 116//146 
f 176//147 117//147 145//147 177//147 
f 146//148 117//148 176//148 178//148 
f 146//149 179//149 147//149 118//149 
f 148//150 119//150 147//150 180//150 
f 148//151 181//151 153//151 124//151 
f 150//152 149//152 182//152 183//152 
f 151//153 122//153 150//153 183//153 
f 151//154 184//154 152//154 123//154 
f 162//155 132//155 152//155 185//155 
f 182//156 149//156 153//156 186//156 
f 154//157 140//157 169//157 187//157 
f 154//158 188//158 155//158 125//158 
f 156//159 126//159 155//159 189//159 
f 156//160 190//160 157//160 127//160 
f 158//161 128//161 157//161 191//161 
f 158//162 192//162 159//162 129//162 
f 160//163 130//163 159//163 193//163 
f 160//164 194//164 161//164 131//164 
f 171//165 141//165 161//165 195//165 
f 162//166 196//166 197//166 163//166 
f 198//167 164//167 133//167 163//167 
f 134//168 164//168 199//168 165//168 
f 199//169 166//169 135//169 165//169 
f 136//170 166//170 200//170 167//170 
f 201//171 168//171 137//171 167//171 
f 139//172 168//172 201//172 170//172 
f 202//173 203//173 169//173 170//173 
f 171//174 204//174 205//174 172//174 
f 206//175 173//175 142//175 172//175 
f 143//176 173//176 207//176 174//176 
f 208//177 175//177 144//177 174//177 
f 145//178 175//178 209//178 177//178 
f 209//179 210//179 176//179 177//179 
f 176//180 210//180 211//180 178//180 
f 212//181 179//181 146//181 178//181 
f 147//182 179//182 213//182 180//182 
f 214//183 181//183 148//183 180//183 
f 153//184 181//184 215//184 186//184 
f 182//185 216//185 217//185 183//185 
f 217//186 184//186 151//186 183//186 
f 152//187 184//187 218//187 185//187 
f 218//188 196//188 162//188 185//188 
f 219//189 216//189 182//189 186//189 
f 169//190 203//190 220//190 187//190 
f 221//191 188//191 154//191 187//191 
f 155//192 188//192 222//192 189//192 
f 223//193 190//193 156//193 189//193 
f 157//194 190//194 224//194 191//194 
f 225//195 192//195 158//195 191//195 
f 159//196 192//196 226//196 193//196 
f 227//197 194//197 160//197 193//197 
f 161//198 194//198 228//198 195//198 
f 229//199 204//199 171//199 195//199 
f 197//200 196//200 230//200 231//200 
f 197//201 232//201 198//201 163//201 
f 233//202 164//202 198//202 234//202 
f 199//203 164//203 233//203 235//203 
f 200//204 166//204 199//204 235//204 
f 200//205 236//205 201//205 167//205 
f 201//206 236//206 202//206 170//206 
f 237//207 203//207 202//207 238//207 
f 205//208 204//208 239//208 240//208 
f 205//209 241//209 206//209 172//209 
f 207//210 173//210 206//210 242//210 
f 207//211 243//211 208//211 174//211 
f 209//212 175//212 208//212 244//212 
f 245//213 210//213 209//213 244//213 
f 211//214 210//214 245//214 246//214 
f 211//215 247//215 212//215 178//215 
f 213//216 179//216 212//216 248//216 
f 213//217 249//217 214//217 180//217 
f 215//218 181//218 214//218 250//218 
f 215//219 251//219 219//219 186//219 
f 217//220 216//220 252//220 253//220 
f 254//221 184//221 217//221 253//221 
f 218//222 184//222 254//222 255//222 
f 230//223 196//223 218//223 255//223 
f 256//224 216//224 219//224 257//224 
f 220//225 203//225 237//225 258//225 
f 220//226 259//226 221//226 187//226 
f 222//227 188//227 221//227 260//227 
f 222//228 261//228 223//228 189//228 
f 224//229 190//229 223//229 262//229 
f 224//230 263//230 225//230 191//230 
f 226//231 192//231 225//231 264//231 
f 226//232 265//232 227//232 193//232 
f 228//233 194//233 227//233 266//233 
f 228//234 267//234 229//234 195//234 
f 239//235 204//235 229//235 268//235 
f 230//236 269//236 270//236 231//236 
f 271//237 232//237 197//237 231//237 
f 198//238 232//238 272//238 234//238 
f 273//239 274//239 233//239 234//239 
f 233//240 274//240 275//240 235//240 
f 275//241 236//241 200//241 235//241 
f 202//242 236//242 275//242 238//242 
f 276//243 277//243 237//243 238//243 
f 239//244 278//244 279//244 240//244 
f 280//245 241//245 205//245 240//245 
f 206//246 241//246 281//246 242//246 
f 282//247 243//247 207//247 242//247 
f 208//248 243//248 283//248 244//248 
f 283//249 284//249 245//249 244//249 
f 245//250 284//250 285//250 246//250 
f 286//251 247//251 211//251 246//251 
f 212//252 247//252 287//252 248//252 
f 288//253 249//253 213//253 248//253 
f 214//254 249//254 289//254 250//254 
f 290//255 251//255 215//255 250//255 
f 219//256 251//256 291//256 257//256 
f 252//257 216//257 256//257 292//257 
f 252//258 293//258 294//258 253//258 
f 294//259 295//259 254//259 253//259 
f 254//260 295//260 296//260 255//260 
f 296//261 269//261 230//261 255//261 
f 291//262 297//262 256//262 257//262 
f 237//263 277//263 298//263 258//263 
f 299//264 259//264 220//264 258//264 
f 221//265 259//265 300//265 260//265 
f 301//266 261//266 222//266 260//266 
f 223//267 261//267 302//267 262//267 
f 303//268 263//268 224//268 262//268 
f 225//269 263//269 304//269 264//269 
f 305//270 265//270 226//270 264//270 
f 227//271 265//271 306//271 266//271 
f 307//272 267//272 228//272 266//272 
f 229//273 267//273 308//273 268//273 
f 309//274 278//274 239//274 268//274 
f 270//275 269//275 310//275 311//275 
f 270//276 312//276 271//276 231//276 
f 272//277 232//277 271//277 313//277 
f 272//278 314//278 273//278 234//278 
f 276//279 274//279 273//279 315//279 
f 275//280 274//280 276//280 238//280 
f 316//281 277//281 276//281 315//281 
f 279//282 278//282 317//282 318//282 
f 279//283 319//283 280//283 240//283 
f 281//284 241//284 280//284 320//284 
f 281//285 321//285 282//285 242//285 
f 283//286 243//286 282//286 322//286 
f 323//287 284//287 283//287 322//287 
f 285//288 284//288 323//288 324//288 
f 285//289 325//289 286//289 246//289 
f 287//290 247//290 286//290 326//290 
f 287//291 327//291 288//291 248//291 
f 289//292 249//292 288//292 328//292 
f 289//293 329//293 290//293 250//293 
f 291//294 251//294 290//294 330//294 
f 256//295 297//295 331//295 292//295 
f 294//296 293//296 252//296 292//296 
f 331//297 295//297 294//297 292//297 
f 296//298 295//298 332//298 333//298 
f 310//299 269//299 296//299 333//299 
f 334//300 297//300 291//300 330//300 
f 298//301 277//301 316//301 335//301 
f 298//302 336//302 299//302 258//302 
f 300//303 259//303 299//303 337//303 
f 300//304 338//304 301//304 260//304 
f 302//305 261//305 301//305 339//305 
f 302//306 340//306 303//306 262//306 
f 341//307 263//307 303//307 342//307 
f 304//308 263//308 341//308 343//308 
f 304//309 344//309 305//309 264//309 
f 306//310 265//310 305//310 345//310 
f 306//311 346//311 307//311 266//311 
f 308//312 267//312 307//312 347//312 
f 308//313 348//313 309//313 268//313 
f 317//314 278//314 309//314 349//314 
f 310//315 350//315 351//315 311//315 
f 352//316 312//316 270//316 311//316 
f 271//317 312//317 353//317 313//317 
f 354//318 314//318 272//318 313//318 
f 273//319 314//319 355//319 315//319 
f 355//320 356//320 316//320 315//320 
f 317//321 357//321 358//321 318//321 
f 359//322 319//322 279//322 318//322 
f 280//323 319//323 360//323 320//323 
f 361//324 321//324 281//324 320//324 
f 282//325 321//325 362//325 322//325 
f 362//326 363//326 323//326 322//326 
f 323//327 363//327 364//327 324//327 
f 365//328 325//328 285//328 324//328 
f 286//329 325//329 366//329 326//329 
f 367//330 327//330 287//330 326//330 
f 288//331 327//331 368//331 328//331 
f 369//332 329//332 289//332 328//332 
f 290//333 329//333 370//333 330//333 
f 331//334 297//334 371//334 372//334 
f 332//335 295//335 331//335 372//335 
f 332//336 373//336 374//336 333//336 
f 374//337 350//337 310//337 333//337 
f 371//338 297//338 334//338 375//338 
f 370//339 376//339 334//339 330//339 
f 316//340 356//340 377//340 335//340 
f 378//341 336//341 298//341 335//341 
f 299//342 336//342 379//342 337//342 
f 380//343 338//343 300//343 337//343 
f 301//344 338//344 381//344 339//344 
f 382//345 340//345 302//345 339//345 
f 303//346 340//346 383//346 342//346 
f 384//347 385//347 341//347 342//347 
f 341//348 385//348 386//348 343//348 
f 386//349 344//349 304//349 343//349 
f 305//350 344//350 387//350 345//350 
f 388//351 346//351 306//351 345//351 
f 307//352 346//352 389//352 347//352 
f 390//353 348//353 308//353 347//353 
f 309//354 348//354 391//354 349//354 
f 392//355 357//355 317//355 349//355 
f 351//356 350//356 393//356 394//356 
f 351//357 395//357 352//357 311//357 
f 396//358 312//358 352//358 397//358 
f 353//359 312//359 396//359 398//359 
f 353//360 399//360 354//360 313//360 
f 355//361 314//361 354//361 400//361 
f 401//362 356//362 355//362 400//362 
f 358//363 357//363 402//363 403//363 
f 358//364 404//364 359//364 318//364 
f 360//365 319//365 359//365 405//365 
f 360//366 406//366 361//366 320//366 
f 362//367 321//367 361//367 407//367 
f 408//368 363//368 362//368 407//368 
f 364//369 363//369 408//369 409//369 
f 364//370 410//370 365//370 324//370 
f 366//371 325//371 365//371 411//371 
f 366//372 412//372 367//372 326//372 
f 413//373 327//373 367//373 414//373 
f 368//374 327//374 413//374 415//374 
f 368//375 416//375 369//375 328//375 
f 370//376 329//376 369//376 417//376 
f 371//377 418//377 419//377 372//377 
f 419//378 373//378 332//378 372//378 
f 374//379 373//379 420//379 421//379 
f 393//380 350//380 374//380 421//380 
f 334//381 376//381 422//381 375//381 
f 423//382 418//382 371//382 375//382 
f 422//383 376//383 370//383 417//383 
f 377//384 356//384 401//384 424//384 
f 377//385 425//385 378//385 335//385 
f 379//386 336//386 378//386 426//386 
f 379//387 427//387 380//387 337//387 
f 381//388 338//388 380//388 428//388 
f 381//389 429//389 382//389 339//389 
f 383//390 340//390 382//390 430//390 
f 383//391 431//391 384//391 342//391 
f 432//392 385//392 384//392 433//392 
f 386//393 385//393 432//393 434//393 
f 387//394 344//394 386//394 434//394 
f 387//395 435//395 388//395 345//395 
f 389//396 346//396 388//396 436//396 
f 389//397 437//397 390//397 347//397 
f 391//398 348//398 390//398 438//398 
f 391//399 439//399 392//399 349//399 
f 402//400 357//400 392//400 440//400 
f 393//401 441//401 442//401 394//401 
f 443//402 395//402 351//402 394//402 
f 352//403 395//403 444//403 397//403 
f 445//404 446//404 396//404 397//404 
f 396//405 446//405 447//405 398//405 
f 447//406 399//406 353//406 398//406 
f 354//407 399//407 448//407 400//407 
f 448//408 449//408 401//408 400//408 
f 402//409 450//409 451//409 403//409 
f 452//410 404//410 358//410 403//410 
f 359//411 404//411 453//411 405//411 
f 454//412 406//412 360//412 405//412 
f 361//413 406//413 455//413 407//413 
f 455//414 456//414 408//414 407//414 
f 408//415 456//415 457//415 409//415 
f 458//416 410//416 364//416 409//416 
f 365//417 410//417 459//417 411//417 
f 460//418 412//418 366//418 411//418 
f 367//419 412//419 460//419 414//419 
f 461//420 462//420 413//420 414//420 
f 413//421 462//421 463//421 415//421 
f 464//422 416//422 368//422 415//422 
f 369//423 416//423 422//423 417//423 
f 419//424 418//424 465//424 466//424 
f 420//425 373//425 419//425 466//425 
f 420//426 467//426 468//426 421//426 
f 468//427 441//427 393//427 421//427 
f 422//428 416//428 423//428 375//428 
f 465//429 418//429 423//429 469//429 
f 401//430 449//430 470//430 424//430 
f 470//431 425//431 377//431 424//431 
f 378//432 425//432 471//432 426//432 
f 472//433 427//433 379//433 426//433 
f 380//434 427//434 473//434 428//434 
f 474//435 429//435 381//435 428//435 
f 382//436 429//436 475//436 430//436 
f 476//437 431//437 383//437 430//437 
f 384//438 431//438 477//438 433//438 
f 478//439 479//439 432//439 433//439 
f 432//440 479//440 480//440 434//440 
f 480//441 435//441 387//441 434//441 
f 388//442 435//442 481//442 436//442 
f 482//443 437//443 389//443 436//443 
f 390//444 437//444 483//444 438//444 
f 484//445 439//445 391//445 438//445 
f 392//446 439//446 485//446 440//446 
f 486//447 450//447 402//447 440//447 
f 442//448 441//448 487//448 488//448 
f 442//449 489//449 443//449 394//449 
f 444//450 395//450 443//450 490//450 
f 444//451 491//451 445//451 397//451 
f 492//452 446//452 445//452 493//452 
f 447//453 446//453 492//453 494//453 
f 448//454 399//454 447//454 494//454 
f 495//455 449//455 448//455 494//455 
f 451//456 450//456 496//456 497//456 
f 451//457 498//457 452//457 403//457 
f 453//458 404//458 452//458 499//458 
f 453//459 500//459 454//459 405//459 
f 455//460 406//460 454//460 501//460 
f 502//461 456//461 455//461 501//461 
f 457//462 456//462 502//462 503//462 
f 457//463 504//463 458//463 409//463 
f 459//464 410//464 458//464 505//464 
f 459//465 506//465 460//465 411//465 
f 460//466 506//466 461//466 414//466 
f 507//467 462//467 461//467 508//467 
f 463//468 462//468 507//468 509//468 
f 463//469 510//469 464//469 415//469 
f 423//470 416//470 464//470 469//470 
f 465//471 511//471 512//471 466//471 
f 512//472 467//472 420//472 466//472 
f 468//473 467//473 513//473 514//473 
f 487//474 441//474 468//474 514//474 
f 515//475 511//475 465//475 469//475 
f 470//476 449//476 516//476 517//476 
f 471//477 425//477 470//477 517//477 
f 471//478 518//478 472//478 426//478 
f 473//479 427//479 472//479 519//479 
f 473//480 520//480 474//480 428//480 
f 475//481 429//481 474//481 521//481 
f 475//482 522//482 476//482 430//482 
f 477//483 431//483 476//483 523//483 
f 477//484 524//484 478//484 433//484 
f 525//485 479//485 478//485 526//485 
f 480//486 479//486 525//486 527//486 
f 481//487 435//487 480//487 527//487 
f 481//488 528//488 482//488 436//488 
f 483//489 437//489 482//489 529//489 
f 483//490 530//490 484//490 438//490 
f 485//491 439//491 484//491 531//491 
f 485//492 532//492 486//492 440//492 
f 496//493 450//493 486//493 533//493 
f 487//494 534//494 535//494 488//494 
f 536//495 489//495 442//495 488//495 
f 443//496 489//496 537//496 490//496 
f 538//497 491//497 444//497 490//497 
f 445//498 491//498 539//498 493//498 
f 540//499 541//499 492//499 493//499 
f 492//500 541//500 495//500 494//500 
f 516//501 449//501 495//501 542//501 
f 496//502 543//502 544//502 497//502 
f 545//503 498//503 451//503 497//503 
f 452//504 498//504 546//504 499//504 
f 547//505 500//505 453//505 499//505 
f 454//506 500//506 548//506 501//506 
f 548//507 549//507 502//507 501//507 
f 502//508 549//508 550//508 503//508 
f 551//509 504//509 457//509 503//509 
f 458//510 504//510 552//510 505//510 
f 553//511 506//511 459//511 505//511 
f 461//512 506//512 553//512 508//512 
f 554//513 555//513 507//513 508//513 
f 507//514 555//514 556//514 509//514 
f 557//515 510//515 463//515 509//515 
f 464//516 510//516 515//516 469//516 
f 512//517 511//517 558//517 559//517 
f 513//518 467//518 512//518 559//518 
f 513//519 560//519 561//519 514//519 
f 561//520 534//520 487//520 514//520 
f 558//521 511//521 515//521 562//521 
f 516//522 563//522 564//522 517//522 
f 564//523 518//523 471//523 517//523 
f 472//524 518//524 565//524 519//524 
f 566//525 520//525 473//525 519//525 
f 474//526 520//526 567//526 521//526 
f 568//527 522//527 475//527 521//527 
f 476//528 522//528 569//528 523//528 
f 570//529 524//529 477//529 523//529 
f 478//530 524//530 571//530 526//530 
f 572//531 573//531 525//531 526//531 
f 525//532 573//532 574//532 527//532 
f 574//533 528//533 481//533 527//533 
f 482//534 528//534 575//534 529//534 
f 576//535 530//535 483//535 529//535 
f 484//536 530//536 577//536 531//536 
f 578//537 532//537 485//537 531//537 
f 486//538 532//538 579//538 533//538 
f 580//539 543//539 496//539 533//539 
f 535//540 534//540 581//540 582//540 
f 535//541 583//541 536//541 488//541 
f 537//542 489//542 536//542 584//542 
f 537//543 585//543 538//543 490//543 
f 586//544 491//544 538//544 587//544 
f 539//545 491//545 586//545 588//545 
f 539//546 589//546 540//546 493//546 
f 590//547 541//547 540//547 591//547 
f 495//548 541//548 590//548 542//548 
f 592//549 563//549 516//549 542//549 
f 544//550 543//550 593//550 594//550 
f 544//551 595//551 545//551 497//551 
f 546//552 498//552 545//552 596//552 
f 546//553 597//553 547//553 499//553 
f 548//554 500//554 547//554 598//554 
f 599//555 549//555 548//555 598//555 
f 550//556 549//556 599//556 600//556 
f 550//557 601//557 551//557 503//557 
f 552//558 504//558 551//558 602//558 
f 552//559 603//559 553//559 505//559 
f 553//560 603//560 554//560 508//560 
f 604//561 555//561 554//561 605//561 
f 556//562 555//562 604//562 606//562 
f 556//563 607//563 557//563 509//563 
f 515//564 510//564 557//564 562//564 
f 558//565 608//565 609//565 559//565 
f 609//566 560//566 513//566 559//566 
f 561//567 560//567 610//567 611//567 
f 581//568 534//568 561//568 611//568 
f 612//569 608//569 558//569 562//569 
f 564//570 563//570 613//570 614//570 
f 565//571 518//571 564//571 614//571 
f 565//572 615//572 566//572 519//572 
f 567//573 520//573 566//573 616//573 
f 567//574 617//574 568//574 521//574 
f 569//575 522//575 568//575 618//575 
f 569//576 619//576 570//576 523//576 
f 571//577 524//577 570//577 620//577 
f 571//578 621//578 572//578 526//578 
f 622//579 573//579 572//579 623//579 
f 574//580 573//580 622//580 624//580 
f 575//581 528//581 574//581 624//581 
f 575//582 625//582 576//582 529//582 
f 577//583 530//583 576//583 626//583 
f 577//584 627//584 578//584 531//584 
f 579//585 532//585 578//585 628//585 
f 579//586 629//586 580//586 533//586 
f 593//587 543//587 580//587 630//587 
f 581//588 631//588 632//588 582//588 
f 633//589 583//589 535//589 582//589 
f 536//590 583//590 634//590 584//590 
f 635//591 585//591 537//591 584//591 
f 538//592 585//592 636//592 587//592 
f 637//593 638//593 586//593 587//593 
f 586//594 638//594 639//594 588//594 
f 640//595 589//595 539//595 588//595 
f 540//596 589//596 641//596 591//596 
f 642//597 643//597 590//597 591//597 
f 590//598 643//598 592//598 542//598 
f 613//599 563//599 592//599 644//599 
f 593//600 645//600 646//600 594//600 
f 647//601 595//601 544//601 594//601 
f 545//602 595//602 648//602 596//602 
f 649//603 597//603 546//603 596//603 
f 547//604 597//604 650//604 598//604 
f 650//605 651//605 599//605 598//605 
f 599//606 651//606 652//606 600//606 
f 653//607 601//607 550//607 600//607 
f 551//608 601//608 654//608 602//608 
f 655//609 603//609 552//609 602//609 
f 554//610 603//610 655//610 605//610 
f 656//611 657//611 604//611 605//611 
f 604//612 657//612 658//612 606//612 
f 659//613 607//613 556//613 606//613 
f 557//614 607//614 612//614 562//614 
f 609//615 608//615 660//615 661//615 
f 610//616 560//616 609//616 661//616 
f 610//617 662//617 663//617 611//617 
f 663//618 631//618 581//618 611//618 
f 660//619 608//619 612//619 664//619 
f 613//620 665//620 666//620 614//620 
f 666//621 615//621 565//621 614//621 
f 566//622 615//622 667//622 616//622 
f 668//623 617//623 567//623 616//623 
f 568//624 617//624 669//624 618//624 
f 670//625 619//625 569//625 618//625 
f 570//626 619//626 671//626 620//626 
f 672//627 621//627 571//627 620//627 
f 572//628 621//628 673//628 623//628 
f 674//629 625//629 622//629 623//629 
f 622//630 625//630 575//630 624//630 
f 576//631 625//631 675//631 626//631 
f 676//632 627//632 577//632 626//632 
f 578//633 627//633 677//633 628//633 
f 678//634 629//634 579//634 628//634 
f 580//635 629//635 679//635 630//635 
f 680//636 645//636 593//636 630//636 
f 632//637 631//637 681//637 682//637 
f 632//638 683//638 633//638 582//638 
f 634//639 583//639 633//639 684//639 
f 634//640 685//640 635//640 584//640 
f 636//641 585//641 635//641 686//641 
f 636//642 687//642 637//642 587//642 
f 688//643 638//643 637//643 689//643 
f 639//644 638//644 688//644 690//644 
f 639//645 691//645 640//645 588//645 
f 641//646 589//646 640//646 692//646 
f 641//647 693//647 642//647 591//647 
f 694//648 643//648 642//648 695//648 
f 592//649 643//649 694//649 644//649 
f 696//650 665//650 613//650 644//650 
f 646//651 645//651 697//651 698//651 
f 646//652 699//652 647//652 594//652 
f 648//653 595//653 647//653 700//653 
f 648//654 701//654 649//654 596//654 
f 650//655 597//655 649//655 702//655 
f 703//656 651//656 650//656 702//656 
f 652//657 651//657 703//657 704//657 
f 652//658 705//658 653//658 600//658 
f 654//659 601//659 653//659 706//659 
f 654//660 707//660 655//660 602//660 
f 655//661 707//661 656//661 605//661 
f 708//662 657//662 656//662 709//662 
f 658//663 657//663 708//663 710//663 
f 658//664 711//664 659//664 606//664 
f 612//665 607//665 659//665 664//665 
f 660//666 712//666 713//666 661//666 
f 713//667 662//667 610//667 661//667 
f 663//668 662//668 714//668 715//668 
f 681//669 631//669 663//669 715//669 
f 716//670 712//670 660//670 664//670 
f 666//671 665//671 717//671 718//671 
f 667//672 615//672 666//672 718//672 
f 667//673 719//673 668//673 616//673 
f 669//674 617//674 668//674 720//674 
f 669//675 721//675 670//675 618//675 
f 671//676 619//676 670//676 722//676 
f 671//677 723//677 672//677 620//677 
f 673//678 621//678 672//678 724//678 
f 673//679 725//679 674//679 623//679 
f 675//680 625//680 674//680 726//680 
f 675//681 727//681 676//681 626//681 
f 677//682 627//682 676//682 728//682 
f 677//683 729//683 678//683 628//683 
f 679//684 629//684 678//684 730//684 
f 679//685 731//685 680//685 630//685 
f 697//686 645//686 680//686 732//686 
f 681//687 733//687 734//687 682//687 
f 735//688 683//688 632//688 682//688 
f 633//689 683//689 736//689 684//689 
f 737//690 685//690 634//690 684//690 
f 635//691 685//691 738//691 686//691 
f 739//692 687//692 636//692 686//692 
f 637//693 687//693 740//693 689//693 
f 741//694 742//694 688//694 689//694 
f 688//695 742//695 743//695 690//695 
f 744//696 691//696 639//696 690//696 
f 640//697 691//697 745//697 692//697 
f 746//698 693//698 641//698 692//698 
f 642//699 693//699 747//699 695//699 
f 748//700 749//700 694//700 695//700 
f 694//701 749//701 696//701 644//701 
f 750//702 665//702 696//702 751//702 
f 697//703 752//703 753//703 698//703 
f 754//704 699//704 646//704 698//704 
f 647//705 699//705 755//705 700//705 
f 756//706 701//706 648//706 700//706 
f 649//707 701//707 703//707 702//707 
f 703//708 701//708 756//708 704//708 
f 757//709 705//709 652//709 704//709 
f 653//710 705//710 758//710 706//710 
f 759//711 707//711 654//711 706//711 
f 656//712 707//712 759//712 709//712 
f 760//713 761//713 708//713 709//713 
f 708//714 761//714 762//714 710//714 
f 763//715 711//715 658//715 710//715 
f 659//716 711//716 716//716 664//716 
f 713//717 712//717 764//717 765//717 
f 714//718 662//718 713//718 765//718 
f 714//719 766//719 767//719 715//719 
f 767//720 733//720 681//720 715//720 
f 764//721 712//721 716//721 768//721 
f 717//722 665//722 750//722 769//722 
f 717//723 719//723 667//723 718//723 
f 668//724 719//724 770//724 720//724 
f 770//725 721//725 669//725 720//725 
f 670//726 721//726 771//726 722//726 
f 772//727 723//727 671//727 722//727 
f 672//728 723//728 773//728 724//728 
f 774//729 725//729 673//729 724//729 
f 674//730 725//730 775//730 726//730 
f 776//731 727//731 675//731 726//731 
f 676//732 727//732 777//732 728//732 
f 778//733 729//733 677//733 728//733 
f 678//734 729//734 778//734 730//734 
f 779//735 731//735 679//735 730//735 
f 680//736 731//736 780//736 732//736 
f 781//737 752//737 697//737 732//737 
f 734//738 733//738 782//738 783//738 
f 734//739 784//739 735//739 682//739 
f 736//740 683//740 735//740 785//740 
f 736//741 786//741 737//741 684//741 
f 738//742 685//742 737//742 787//742 
f 738//743 788//743 739//743 686//743 
f 740//744 687//744 739//744 789//744 
f 740//745 790//745 741//745 689//745 
f 791//746 742//746 741//746 792//746 
f 743//747 742//747 791//747 793//747 
f 743//748 794//748 744//748 690//748 
f 745//749 691//749 744//749 795//749 
f 745//750 796//750 746//750 692//750 
f 747//751 693//751 746//751 797//751 
f 747//752 798//752 748//752 695//752 
f 799//753 749//753 748//753 800//753 
f 696//754 749//754 801//754 751//754 
f 801//755 802//755 750//755 751//755 
f 753//756 752//756 803//756 804//756 
f 753//757 805//757 754//757 698//757 
f 755//758 699//758 754//758 806//758 
f 755//759 807//759 756//759 700//759 
f 756//760 807//760 757//760 704//760 
f 758//761 705//761 757//761 808//761 
f 758//762 809//762 759//762 706//762 
f 759//763 809//763 760//763 709//763 
f 810//764 761//764 760//764 811//764 
f 762//765 761//765 810//765 812//765 
f 762//766 813//766 763//766 710//766 
f 716//767 711//767 763//767 768//767 
f 764//768 814//768 815//768 765//768 
f 815//769 766//769 714//769 765//769 
f 767//770 766//770 816//770 817//770 
f 782//771 733//771 767//771 817//771 
f 818//772 814//772 764//772 768//772 
f 750//773 802//773 819//773 769//773 
f 820//774 719//774 717//774 769//774 
f 770//775 719//775 821//775 822//775 
f 771//776 721//776 770//776 822//776 
f 771//777 823//777 772//777 722//777 
f 773//778 723//778 772//778 824//778 
f 773//779 825//779 774//779 724//779 
f 775//780 725//780 774//780 826//780 
f 775//781 827//781 776//781 726//781 
f 777//782 727//782 776//782 828//782 
f 777//783 829//783 778//783 728//783 
f 778//784 829//784 779//784 730//784 
f 780//785 731//785 779//785 830//785 
f 780//786 831//786 781//786 732//786 
f 803//787 752//787 781//787 832//787 
f 782//788 833//788 834//788 783//788 
f 835//789 784//789 734//789 783//789 
f 735//790 784//790 836//790 785//790 
f 837//791 786//791 736//791 785//791 
f 737//792 786//792 838//792 787//792 
f 839//793 788//793 738//793 787//793 
f 739//794 788//794 840//794 789//794 
f 841//795 790//795 740//795 789//795 
f 741//796 790//796 842//796 792//796 
f 843//797 844//797 791//797 792//797 
f 791//798 844//798 845//798 793//798 
f 846//799 794//799 743//799 793//799 
f 744//800 794//800 847//800 795//800 
f 848//801 796//801 745//801 795//801 
f 746//802 796//802 849//802 797//802 
f 850//803 798//803 747//803 797//803 
f 748//804 798//804 851//804 800//804 
f 801//805 749//805 799//805 852//805 
f 853//806 854//806 799//806 800//806 
f 819//807 802//807 801//807 852//807 
f 803//808 855//808 856//808 804//808 
f 857//809 805//809 753//809 804//809 
f 754//810 805//810 858//810 806//810 
f 859//811 807//811 755//811 806//811 
f 757//812 807//812 859//812 808//812 
f 860//813 809//813 758//813 808//813 
f 760//814 809//814 860//814 811//814 
f 861//815 862//815 810//815 811//815 
f 810//816 862//816 863//816 812//816 
f 864//817 813//817 762//817 812//817 
f 763//818 813//818 818//818 768//818 
f 815//819 814//819 865//819 866//819 
f 816//820 766//820 815//820 866//820 
f 816//821 867//821 868//821 817//821 
f 868//822 833//822 782//822 817//822 
f 865//823 814//823 818//823 869//823 
f 819//824 870//824 820//824 769//824 
f 821//825 719//825 820//825 871//825 
f 821//826 872//826 873//826 822//826 
f 873//827 823//827 771//827 822//827 
f 772//828 823//828 874//828 824//828 
f 875//829 825//829 773//829 824//829 
f 774//830 825//830 876//830 826//830 
f 877//831 827//831 775//831 826//831 
f 776//832 827//832 878//832 828//832 
f 879//833 829//833 777//833 828//833 
f 779//834 829//834 879//834 830//834 
f 880//835 831//835 780//835 830//835 
f 781//836 831//836 881//836 832//836 
f 882//837 855//837 803//837 832//837 
f 834//838 833//838 883//838 884//838 
f 834//839 885//839 835//839 783//839 
f 836//840 784//840 835//840 886//840 
f 836//841 887//841 837//841 785//841 
f 838//842 786//842 837//842 888//842 
f 838//843 889//843 839//843 787//843 
f 890//844 788//844 839//844 891//844 
f 840//845 788//845 890//845 892//845 
f 840//846 893//846 841//846 789//846 
f 842//847 790//847 841//847 894//847 
f 842//848 895//848 896//848 792//848 
f 897//849 844//849 843//849 898//849 
f 896//850 899//850 843//850 792//850 
f 845//851 844//851 897//851 900//851 
f 845//852 901//852 846//852 793//852 
f 847//853 794//853 846//853 902//853 
f 847//854 903//854 848//854 795//854 
f 849//855 796//855 848//855 904//855 
f 849//856 905//856 850//856 797//856 
f 906//857 798//857 850//857 907//857 
f 851//858 798//858 906//858 908//858 
f 851//859 909//859 853//859 800//859 
f 799//860 854//860 910//860 852//860 
f 911//861 854//861 853//861 912//861 
f 910//862 870//862 819//862 852//862 
f 856//863 855//863 913//863 914//863 
f 856//864 915//864 857//864 804//864 
f 858//865 805//865 857//865 916//865 
f 858//866 917//866 859//866 806//866 
f 859//867 917//867 918//867 808//867 
f 918//868 919//868 860//868 808//868 
f 860//869 919//869 861//869 811//869 
f 920//870 862//870 861//870 921//870 
f 863//871 862//871 920//871 922//871 
f 863//872 923//872 864//872 812//872 
f 818//873 813//873 864//873 869//873 
f 865//874 924//874 925//874 866//874 
f 925//875 867//875 816//875 866//875 
f 868//876 867//876 926//876 927//876 
f 883//877 833//877 868//877 927//877 
f 928//878 924//878 865//878 869//878 
f 820//879 870//879 929//879 871//879 
f 930//880 872//880 821//880 871//880 
f 873//881 872//881 931//881 932//881 
f 874//882 823//882 873//882 932//882 
f 874//883 933//883 875//883 824//883 
f 876//884 825//884 875//884 934//884 
f 876//885 935//885 877//885 826//885 
f 878//886 827//886 877//886 936//886 
f 878//887 937//887 879//887 828//887 
f 879//888 937//888 880//888 830//888 
f 881//889 831//889 880//889 938//889 
f 881//890 939//890 940//890 832//890 
f 913//891 855//891 882//891 941//891 
f 940//892 942//892 882//892 832//892 
f 883//893 943//893 944//893 884//893 
f 945//894 885//894 834//894 884//894 
f 835//895 885//895 946//895 886//895 
f 947//896 887//896 836//896 886//896 
f 837//897 887//897 948//897 888//897 
f 949//898 889//898 838//898 888//898 
f 839//899 889//899 950//899 891//899 
f 950//900 951//900 890//900 891//900 
f 890//901 951//901 952//901 892//901 
f 953//902 893//902 840//902 892//902 
f 841//903 893//903 954//903 894//903 
f 955//904 895//904 842//904 894//904 
f 896//905 895//905 955//905 956//905 
f 843//906 899//906 957//906 898//906 
f 958//907 959//907 897//907 898//907 
f 960//908 899//908 896//908 956//908 
f 897//909 959//909 961//909 900//909 
f 962//910 901//910 845//910 900//910 
f 846//911 901//911 963//911 902//911 
f 964//912 903//912 847//912 902//912 
f 848//913 903//913 965//913 904//913 
f 966//914 905//914 849//914 904//914 
f 850//915 905//915 967//915 907//915 
f 968//916 969//916 906//916 907//916 
f 906//917 969//917 970//917 908//917 
f 970//918 909//918 851//918 908//918 
f 853//919 909//919 971//919 912//919 
f 910//920 854//920 911//920 972//920 
f 973//921 974//921 911//921 912//921 
f 929//922 870//922 910//922 972//922 
f 913//923 975//923 976//923 914//923 
f 977//924 915//924 856//924 914//924 
f 857//925 915//925 978//925 916//925 
f 918//926 917//926 858//926 916//926 
f 978//927 919//927 918//927 916//927 
f 861//928 919//928 978//928 921//928 
f 977//929 979//929 920//929 921//929 
f 920//930 979//930 980//930 922//930 
f 981//931 923//931 863//931 922//931 
f 864//932 923//932 928//932 869//932 
f 925//933 924//933 982//933 983//933 
f 984//934 867//934 925//934 983//934 
f 926//935 867//935 984//935 985//935 
f 926//936 986//936 987//936 927//936 
f 987//937 943//937 883//937 927//937 
f 982//938 924//938 928//938 988//938 
f 929//939 989//939 930//939 871//939 
f 990//940 872//940 930//940 991//940 
f 931//941 872//941 990//941 992//941 
f 931//942 933//942 874//942 932//942 
f 875//943 933//943 993//943 934//943 
f 993//944 935//944 876//944 934//944 
f 877//945 935//945 994//945 936//945 
f 995//946 937//946 878//946 936//946 
f 880//947 937//947 995//947 938//947 
f 996//948 939//948 881//948 938//948 
f 940//949 939//949 996//949 997//949 
f 882//950 942//950 998//950 941//950 
f 999//951 975//951 913//951 941//951 
f 1000//952 942//952 940//952 997//952 
f 944//953 943//953 1001//953 1002//953 
f 944//954 1003//954 945//954 884//954 
f 946//955 885//955 945//955 1004//955 
f 946//956 1005//956 947//956 886//956 
f 1006//957 887//957 947//957 1007//957 
f 948//958 887//958 1006//958 1008//958 
f 948//959 1009//959 949//959 888//959 
f 950//960 889//960 949//960 1010//960 
f 1011//961 951//961 950//961 1010//961 
f 952//962 951//962 1011//962 1012//962 
f 952//963 1013//963 953//963 892//963 
f 954//964 893//964 953//964 1014//964 
f 954//965 1015//965 955//965 894//965 
f 955//966 1015//966 1016//966 956//966 
f 957//967 899//967 960//967 1017//967 
f 957//968 1018//968 958//968 898//968 
f 1019//969 959//969 958//969 1020//969 
f 1016//970 1021//970 960//970 956//970 
f 961//971 959//971 1022//971 1023//971 
f 961//972 1024//972 962//972 900//972 
f 963//973 901//973 962//973 1025//973 
f 963//974 1026//974 964//974 902//974 
f 965//975 903//975 964//975 1027//975 
f 965//976 1028//976 966//976 904//976 
f 967//977 905//977 966//977 1029//977 
f 967//978 1030//978 968//978 907//978 
f 1031//979 969//979 968//979 1032//979 
f 970//980 969//980 1033//980 1034//980 
f 971//981 909//981 970//981 1034//981 
f 971//982 1035//982 973//982 912//982 
f 911//983 974//983 1036//983 972//983 
f 1037//984 974//984 973//984 1038//984 
f 1036//985 989//985 929//985 972//985 
f 976//986 975//986 1039//986 1040//986 
f 976//987 979//987 977//987 914//987 
f 978//988 915//988 977//988 921//988 
f 980//989 979//989 976//989 1040//989 
f 980//990 1041//990 981//990 922//990 
f 928//991 923//991 981//991 988//991 
f 982//992 1042//992 1043//992 983//992 
f 1043//993 1044//993 984//993 983//993 
f 984//994 1044//994 1045//994 985//994 
f 1045//995 986//995 926//995 985//995 
f 987//996 986//996 1046//996 1047//996 
f 1048//997 943//997 987//997 1047//997 
f 1049//998 1042//998 982//998 988//998 
f 930//999 989//999 1050//999 991//999 
f 1051//1000 1052//1000 990//1000 991//1000 
f 990//1001 1052//1001 1053//1001 992//1001 
f 993//1002 933//1002 931//1002 992//1002 
f 1053//1003 935//1003 993//1003 992//1003 
f 994//1004 935//1004 1053//1004 1054//1004 
f 994//1005 1055//1005 995//1005 936//1005 
f 995//1006 1055//1006 996//1006 938//1006 
f 996//1007 1055//1007 1056//1007 997//1007 
f 998//1008 942//1008 1000//1008 1057//1008 
f 998//1009 1058//1009 999//1009 941//1009 
f 1039//1010 975//1010 999//1010 1059//1010 
f 1056//1011 1060//1011 1000//1011 997//1011 
f 1001//1012 943//1012 1061//1012 1062//1012 
f 1001//1013 1063//1013 1064//1013 1002//1013 
f 1065//1014 1003//1014 944//1014 1002//1014 
f 945//1015 1003//1015 1066//1015 1004//1015 
f 1067//1016 1005//1016 946//1016 1004//1016 
f 947//1017 1005//1017 1068//1017 1007//1017 
f 1069//1018 1070//1018 1006//1018 1007//1018 
f 1006//1019 1070//1019 1071//1019 1008//1019 
f 1071//1020 1009//1020 948//1020 1008//1020 
f 949//1021 1009//1021 1072//1021 1010//1021 
f 1072//1022 1073//1022 1011//1022 1010//1022 
f 1011//1023 1073//1023 1074//1023 1012//1023 
f 1075//1024 1013//1024 952//1024 1012//1024 
f 953//1025 1013//1025 1076//1025 1014//1025 
f 1077//1026 1015//1026 954//1026 1014//1026 
f 1016//1027 1015//1027 1077//1027 1078//1027 
f 960//1028 1021//1028 1079//1028 1017//1028 
f 1080//1029 1018//1029 957//1029 1017//1029 
f 958//1030 1018//1030 1081//1030 1020//1030 
f 1022//1031 959//1031 1019//1031 1082//1031 
f 1081//1032 1083//1032 1019//1032 1020//1032 
f 1084//1033 1021//1033 1016//1033 1078//1033 
f 1022//1034 1085//1034 1086//1034 1023//1034 
f 1087//1035 1024//1035 961//1035 1023//1035 
f 962//1036 1024//1036 1088//1036 1025//1036 
f 1089//1037 1026//1037 963//1037 1025//1037 
f 964//1038 1026//1038 1090//1038 1027//1038 
f 1091//1039 1028//1039 965//1039 1027//1039 
f 966//1040 1028//1040 1092//1040 1029//1040 
f 1093//1041 1030//1041 967//1041 1029//1041 
f 968//1042 1030//1042 1094//1042 1032//1042 
f 1033//1043 969//1043 1031//1043 1062//1043 
f 1094//1044 1095//1044 1031//1044 1032//1044 
f 1033//1045 1096//1045 1097//1045 1034//1045 
f 1097//1046 1035//1046 971//1046 1034//1046 
f 973//1047 1035//1047 1098//1047 1038//1047 
f 1036//1048 974//1048 1037//1048 1099//1048 
f 1100//1049 1101//1049 1037//1049 1038//1049 
f 1050//1050 989//1050 1036//1050 1099//1050 
f 1039//1051 1102//1051 1103//1051 1040//1051 
f 1103//1052 1041//1052 980//1052 1040//1052 
f 981//1053 1041//1053 1049//1053 988//1053 
f 1043//1054 1042//1054 1104//1054 1105//1054 
f 1106//1055 1044//1055 1043//1055 1105//1055 
f 1045//1056 1044//1056 1106//1056 1107//1056 
f 1046//1057 986//1057 1045//1057 1107//1057 
f 1046//1058 1108//1058 1109//1058 1047//1058 
f 1061//1059 943//1059 1048//1059 1110//1059 
f 1109//1060 1111//1060 1048//1060 1047//1060 
f 1104//1061 1042//1061 1049//1061 1112//1061 
f 1050//1062 1113//1062 1051//1062 991//1062 
f 1114//1063 1052//1063 1051//1063 1115//1063 
f 1053//1064 1052//1064 1114//1064 1054//1064 
f 1056//1065 1055//1065 994//1065 1054//1065 
f 1000//1066 1060//1066 1116//1066 1057//1066 
f 1117//1067 1058//1067 998//1067 1057//1067 
f 999//1068 1058//1068 1118//1068 1059//1068 
f 1119//1069 1102//1069 1039//1069 1059//1069 
f 1114//1070 1060//1070 1056//1070 1054//1070 
f 1061//1071 1096//1071 1033//1071 1062//1071 
f 1120//1072 1063//1072 1001//1072 1062//1072 
f 1064//1073 1063//1073 1121//1073 1122//1073 
f 1064//1074 1123//1074 1065//1074 1002//1074 
f 1066//1075 1003//1075 1065//1075 1124//1075 
f 1066//1076 1125//1076 1067//1076 1004//1076 
f 1068//1077 1005//1077 1067//1077 1126//1077 
f 1068//1078 1127//1078 1069//1078 1007//1078 
f 1128//1079 1070//1079 1069//1079 1129//1079 
f 1071//1080 1070//1080 1128//1080 1130//1080 
f 1131//1081 1009//1081 1071//1081 1130//1081 
f 1072//1082 1009//1082 1131//1082 1132//1082 
f 1133//1083 1073//1083 1072//1083 1132//1083 
f 1074//1084 1073//1084 1133//1084 1134//1084 
f 1074//1085 1135//1085 1075//1085 1012//1085 
f 1076//1086 1013//1086 1075//1086 1136//1086 
f 1076//1087 1137//1087 1077//1087 1014//1087 
f 1077//1088 1137//1088 1138//1088 1078//1088 
f 1079//1089 1021//1089 1084//1089 1139//1089 
f 1079//1090 1140//1090 1080//1090 1017//1090 
f 1081//1091 1018//1091 1080//1091 1141//1091 
f 1019//1092 1083//1092 1142//1092 1082//1092 
f 1143//1093 1085//1093 1022//1093 1082//1093 
f 1144//1094 1083//1094 1081//1094 1141//1094 
f 1138//1095 1145//1095 1084//1095 1078//1095 
f 1086//1096 1085//1096 1146//1096 1147//1096 
f 1086//1097 1148//1097 1087//1097 1023//1097 
f 1088//1098 1024//1098 1087//1098 1149//1098 
f 1088//1099 1150//1099 1089//1099 1025//1099 
f 1090//1100 1026//1100 1089//1100 1151//1100 
f 1090//1101 1152//1101 1091//1101 1027//1101 
f 1092//1102 1028//1102 1091//1102 1153//1102 
f 1092//1103 1154//1103 1093//1103 1029//1103 
f 1094//1104 1030//1104 1093//1104 1155//1104 
f 1031//1105 1095//1105 1120//1105 1062//1105 
f 1156//1106 1095//1106 1094//1106 1155//1106 
f 1097//1107 1096//1107 1157//1107 1158//1107 
f 1098//1108 1035//1108 1097//1108 1158//1108 
f 1098//1109 1159//1109 1100//1109 1038//1109 
f 1037//1110 1101//1110 1160//1110 1099//1110 
f 1161//1111 1101//1111 1100//1111 1162//1111 
f 1160//1112 1113//1112 1050//1112 1099//1112 
f 1103//1113 1102//1113 1163//1113 1112//1113 
f 1049//1114 1041//1114 1103//1114 1112//1114 
f 1104//1115 1164//1115 1165//1115 1105//1115 
f 1165//1116 1166//1116 1106//1116 1105//1116 
f 1106//1117 1166//1117 1167//1117 1107//1117 
f 1167//1118 1108//1118 1046//1118 1107//1118 
f 1109//1119 1108//1119 1168//1119 1169//1119 
f 1048//1120 1111//1120 1157//1120 1110//1120 
f 1157//1121 1096//1121 1061//1121 1110//1121 
f 1170//1122 1111//1122 1109//1122 1169//1122 
f 1163//1123 1164//1123 1104//1123 1112//1123 
f 1051//1124 1113//1124 1171//1124 1115//1124 
f 1116//1125 1060//1125 1114//1125 1115//1125 
f 1116//1126 1172//1126 1117//1126 1057//1126 
f 1118//1127 1058//1127 1117//1127 1173//1127 
f 1118//1128 1174//1128 1119//1128 1059//1128 
f 1163//1129 1102//1129 1119//1129 1175//1129 
f 1121//1130 1063//1130 1120//1130 1176//1130 
f 1121//1131 1177//1131 1178//1131 1122//1131 
f 1179//1132 1123//1132 1064//1132 1122//1132 
f 1065//1133 1123//1133 1180//1133 1124//1133 
f 1181//1134 1125//1134 1066//1134 1124//1134 
f 1067//1135 1125//1135 1182//1135 1126//1135 
f 1183//1136 1127//1136 1068//1136 1126//1136 
f 1069//1137 1127//1137 1184//1137 1129//1137 
f 1185//1138 1186//1138 1128//1138 1129//1138 
f 1128//1139 1186//1139 1187//1139 1130//1139 
f 1187//1140 1188//1140 1131//1140 1130//1140 
f 1131//1141 1188//1141 1189//1141 1132//1141 
f 1189//1142 1190//1142 1133//1142 1132//1142 
f 1133//1143 1190//1143 1191//1143 1134//1143 
f 1192//1144 1135//1144 1074//1144 1134//1144 
f 1075//1145 1135//1145 1193//1145 1136//1145 
f 1194//1146 1137//1146 1076//1146 1136//1146 
f 1138//1147 1137//1147 1194//1147 1195//1147 
f 1084//1148 1145//1148 1196//1148 1139//1148 
f 1197//1149 1140//1149 1079//1149 1139//1149 
f 1080//1150 1140//1150 1198//1150 1141//1150 
f 1142//1151 1083//1151 1144//1151 1199//1151 
f 1142//1152 1200//1152 1143//1152 1082//1152 
f 1146//1153 1085//1153 1143//1153 1201//1153 
f 1198//1154 1202//1154 1144//1154 1141//1154 
f 1203//1155 1145//1155 1138//1155 1195//1155 
f 1146//1156 1204//1156 1205//1156 1147//1156 
f 1206//1157 1148//1157 1086//1157 1147//1157 
f 1087//1158 1148//1158 1207//1158 1149//1158 
f 1207//1159 1150//1159 1088//1159 1149//1159 
f 1089//1160 1150//1160 1208//1160 1151//1160 
f 1209//1161 1152//1161 1090//1161 1151//1161 
f 1091//1162 1152//1162 1210//1162 1153//1162 
f 1211//1163 1154//1163 1092//1163 1153//1163 
f 1093//1164 1154//1164 1212//1164 1155//1164 
f 1120//1165 1095//1165 1213//1165 1176//1165 
f 1213//1166 1095//1166 1156//1166 1214//1166 
f 1212//1167 1215//1167 1156//1167 1155//1167 
f 1157//1168 1111//1168 1170//1168 1158//1168 
f 1170//1169 1159//1169 1098//1169 1158//1169 
f 1100//1170 1159//1170 1216//1170 1162//1170 
f 1160//1171 1101//1171 1161//1171 1217//1171 
f 1216//1172 1218//1172 1161//1172 1162//1172 
f 1171//1173 1113//1173 1160//1173 1217//1173 
f 1165//1174 1164//1174 1219//1174 1220//1174 
f 1167//1175 1166//1175 1165//1175 1220//1175 
f 1168//1176 1108//1176 1167//1176 1220//1176 
f 1168//1177 1221//1177 1222//1177 1169//1177 
f 1222//1178 1159//1178 1170//1178 1169//1178 
f 1219//1179 1164//1179 1163//1179 1175//1179 
f 1171//1180 1172//1180 1116//1180 1115//1180 
f 1117//1181 1172//1181 1223//1181 1173//1181 
f 1224//1182 1174//1182 1118//1182 1173//1182 
f 1119//1183 1174//1183 1225//1183 1175//1183 
f 1226//1184 1177//1184 1121//1184 1176//1184 
f 1178//1185 1177//1185 1227//1185 1228//1185 
f 1178//1186 1229//1186 1179//1186 1122//1186 
f 1180//1187 1123//1187 1179//1187 1230//1187 
f 1180//1188 1231//1188 1181//1188 1124//1188 
f 1182//1189 1125//1189 1181//1189 1232//1189 
f 1182//1190 1233//1190 1183//1190 1126//1190 
f 1184//1191 1127//1191 1183//1191 1234//1191 
f 1184//1192 1235//1192 1185//1192 1129//1192 
f 1236//1193 1186//1193 1185//1193 1237//1193 
f 1187//1194 1186//1194 1236//1194 1238//1194 
f 1239//1195 1188//1195 1187//1195 1238//1195 
f 1189//1196 1188//1196 1239//1196 1240//1196 
f 1241//1197 1190//1197 1189//1197 1240//1197 
f 1191//1198 1190//1198 1241//1198 1242//1198 
f 1191//1199 1243//1199 1244//1199 1134//1199 
f 1193//1200 1135//1200 1192//1200 1245//1200 
f 1244//1201 1246//1201 1192//1201 1134//1201 
f 1193//1202 1247//1202 1194//1202 1136//1202 
f 1194//1203 1247//1203 1248//1203 1195//1203 
f 1196//1204 1145//1204 1203//1204 1249//1204 
f 1196//1205 1250//1205 1197//1205 1139//1205 
f 1198//1206 1140//1206 1197//1206 1251//1206 
f 1144//1207 1202//1207 1252//1207 1199//1207 
f 1253//1208 1200//1208 1142//1208 1199//1208 
f 1143//1209 1200//1209 1254//1209 1201//1209 
f 1255//1210 1204//1210 1146//1210 1201//1210 
f 1256//1211 1202//1211 1198//1211 1251//1211 
f 1248//1212 1257//1212 1203//1212 1195//1212 
f 1205//1213 1204//1213 1258//1213 1259//1213 
f 1205//1214 1260//1214 1206//1214 1147//1214 
f 1207//1215 1148//1215 1206//1215 1261//1215 
f 1262//1216 1150//1216 1207//1216 1261//1216 
f 1208//1217 1150//1217 1262//1217 1263//1217 
f 1208//1218 1264//1218 1209//1218 1151//1218 
f 1210//1219 1152//1219 1209//1219 1265//1219 
f 1210//1220 1266//1220 1211//1220 1153//1220 
f 1212//1221 1154//1221 1211//1221 1267//1221 
f 1213//1222 1268//1222 1226//1222 1176//1222 
f 1156//1223 1215//1223 1269//1223 1214//1223 
f 1270//1224 1268//1224 1213//1224 1214//1224 
f 1271//1225 1215//1225 1212//1225 1267//1225 
f 1216//1226 1159//1226 1222//1226 1272//1226 
f 1161//1227 1218//1227 1223//1227 1217//1227 
f 1224//1228 1218//1228 1216//1228 1272//1228 
f 1223//1229 1172//1229 1171//1229 1217//1229 
f 1219//1230 1221//1230 1168//1230 1220//1230 
f 1222//1231 1221//1231 1225//1231 1272//1231 
f 1225//1232 1221//1232 1219//1232 1175//1232 
f 1223//1233 1218//1233 1224//1233 1173//1233 
f 1225//1234 1174//1234 1224//1234 1272//1234 
f 1227//1235 1177//1235 1226//1235 1273//1235 
f 1227//1236 1274//1236 1275//1236 1228//1236 
f 1276//1237 1229//1237 1178//1237 1228//1237 
f 1179//1238 1229//1238 1277//1238 1230//1238 
f 1278//1239 1231//1239 1180//1239 1230//1239 
f 1181//1240 1231//1240 1279//1240 1232//1240 
f 1280//1241 1233//1241 1182//1241 1232//1241 
f 1183//1242 1233//1242 1281//1242 1234//1242 
f 1282//1243 1235//1243 1184//1243 1234//1243 
f 1185//1244 1235//1244 1283//1244 1237//1244 
f 1284//1245 1285//1245 1236//1245 1237//1245 
f 1236//1246 1285//1246 1286//1246 1238//1246 
f 1286//1247 1287//1247 1239//1247 1238//1247 
f 1239//1248 1287//1248 1288//1248 1240//1248 
f 1288//1249 1289//1249 1241//1249 1240//1249 
f 1241//1250 1289//1250 1290//1250 1242//1250 
f 1291//1251 1243//1251 1191//1251 1242//1251 
f 1244//1252 1243//1252 1291//1252 1292//1252 
f 1192//1253 1246//1253 1293//1253 1245//1253 
f 1293//1254 1247//1254 1193//1254 1245//1254 
f 1294//1255 1246//1255 1244//1255 1292//1255 
f 1248//1256 1247//1256 1295//1256 1296//1256 
f 1203//1257 1257//1257 1297//1257 1249//1257 
f 1298//1258 1250//1258 1196//1258 1249//1258 
f 1197//1259 1250//1259 1299//1259 1251//1259 
f 1252//1260 1202//1260 1256//1260 1300//1260 
f 1252//1261 1301//1261 1253//1261 1199//1261 
f 1254//1262 1200//1262 1253//1262 1302//1262 
f 1254//1263 1303//1263 1255//1263 1201//1263 
f 1304//1264 1204//1264 1255//1264 1305//1264 
f 1299//1265 1306//1265 1256//1265 1251//1265 
f 1307//1266 1257//1266 1248//1266 1296//1266 
f 1258//1267 1204//1267 1304//1267 1308//1267 
f 1258//1268 1309//1268 1310//1268 1259//1268 
f 1311//1269 1260//1269 1205//1269 1259//1269 
f 1206//1270 1260//1270 1312//1270 1261//1270 
f 1312//1271 1313//1271 1262//1271 1261//1271 
f 1262//1272 1313//1272 1314//1272 1263//1272 
f 1315//1273 1264//1273 1208//1273 1263//1273 
f 1209//1274 1264//1274 1316//1274 1265//1274 
f 1317//1275 1266//1275 1210//1275 1265//1275 
f 1211//1276 1266//1276 1318//1276 1267//1276 
f 1226//1277 1268//1277 1319//1277 1273//1277 
f 1269//1278 1215//1278 1271//1278 1320//1278 
f 1269//1279 1321//1279 1270//1279 1214//1279 
f 1319//1280 1268//1280 1270//1280 1322//1280 
f 1318//1281 1323//1281 1271//1281 1267//1281 
f 1324//1282 1274//1282 1227//1282 1273//1282 
f 1275//1283 1274//1283 1325//1283 1326//1283 
f 1275//1284 1327//1284 1276//1284 1228//1284 
f 1277//1285 1229//1285 1276//1285 1328//1285 
f 1277//1286 1329//1286 1278//1286 1230//1286 
f 1279//1287 1231//1287 1278//1287 1330//1287 
f 1279//1288 1331//1288 1280//1288 1232//1288 
f 1281//1289 1233//1289 1280//1289 1332//1289 
f 1281//1290 1333//1290 1282//1290 1234//1290 
f 1283//1291 1235//1291 1282//1291 1334//1291 
f 1283//1292 1335//1292 1284//1292 1237//1292 
f 1336//1293 1285//1293 1284//1293 1337//1293 
f 1286//1294 1285//1294 1336//1294 1338//1294 
f 1339//1295 1287//1295 1286//1295 1338//1295 
f 1288//1296 1287//1296 1339//1296 1340//1296 
f 1341//1297 1289//1297 1288//1297 1340//1297 
f 1290//1298 1289//1298 1341//1298 1342//1298 
f 1290//1299 1343//1299 1291//1299 1242//1299 
f 1291//1300 1343//1300 1344//1300 1292//1300 
f 1293//1301 1246//1301 1294//1301 1345//1301 
f 1295//1302 1247//1302 1293//1302 1345//1302 
f 1344//1303 1346//1303 1294//1303 1292//1303 
f 1295//1304 1347//1304 1348//1304 1296//1304 
f 1297//1305 1257//1305 1307//1305 1349//1305 
f 1297//1306 1350//1306 1298//1306 1249//1306 
f 1299//1307 1250//1307 1298//1307 1351//1307 
f 1256//1308 1306//1308 1352//1308 1300//1308 
f 1353//1309 1301//1309 1252//1309 1300//1309 
f 1253//1310 1301//1310 1354//1310 1302//1310 
f 1355//1311 1303//1311 1254//1311 1302//1311 
f 1255//1312 1303//1312 1356//1312 1305//1312 
f 1357//1313 1358//1313 1304//1313 1305//1313 
f 1359//1314 1306//1314 1299//1314 1351//1314 
f 1348//1315 1360//1315 1307//1315 1296//1315 
f 1304//1316 1358//1316 1361//1316 1308//1316 
f 1362//1317 1309//1317 1258//1317 1308//1317 
f 1310//1318 1309//1318 1363//1318 1364//1318 
f 1310//1319 1365//1319 1311//1319 1259//1319 
f 1312//1320 1260//1320 1311//1320 1366//1320 
f 1367//1321 1313//1321 1312//1321 1366//1321 
f 1314//1322 1313//1322 1367//1322 1368//1322 
f 1314//1323 1369//1323 1315//1323 1263//1323 
f 1316//1324 1264//1324 1315//1324 1370//1324 
f 1316//1325 1371//1325 1317//1325 1265//1325 
f 1318//1326 1266//1326 1317//1326 1372//1326 
f 1319//1327 1373//1327 1324//1327 1273//1327 
f 1271//1328 1323//1328 1374//1328 1320//1328 
f 1375//1329 1321//1329 1269//1329 1320//1329 
f 1270//1330 1321//1330 1376//1330 1322//1330 
f 1377//1331 1373//1331 1319//1331 1322//1331 
f 1378//1332 1323//1332 1318//1332 1372//1332 
f 1325//1333 1274//1333 1324//1333 1379//1333 
f 1325//1334 1380//1334 1381//1334 1326//1334 
f 1382//1335 1327//1335 1275//1335 1326//1335 
f 1276//1336 1327//1336 1383//1336 1328//1336 
f 1384//1337 1329//1337 1277//1337 1328//1337 
f 1278//1338 1329//1338 1385//1338 1330//1338 
f 1386//1339 1331//1339 1279//1339 1330//1339 
f 1280//1340 1331//1340 1387//1340 1332//1340 
f 1388//1341 1333//1341 1281//1341 1332//1341 
f 1282//1342 1333//1342 1389//1342 1334//1342 
f 1390//1343 1335//1343 1283//1343 1334//1343 
f 1284//1344 1335//1344 1391//1344 1337//1344 
f 1392//1345 1393//1345 1336//1345 1337//1345 
f 1336//1346 1393//1346 1394//1346 1338//1346 
f 1394//1347 1395//1347 1339//1347 1338//1347 
f 1339//1348 1395//1348 1396//1348 1340//1348 
f 1396//1349 1397//1349 1341//1349 1340//1349 
f 1341//1350 1397//1350 1398//1350 1342//1350 
f 1399//1351 1343//1351 1290//1351 1342//1351 
f 1344//1352 1343//1352 1399//1352 1400//1352 
f 1294//1353 1346//1353 1401//1353 1345//1353 
f 1401//1354 1347//1354 1295//1354 1345//1354 
f 1402//1355 1346//1355 1344//1355 1400//1355 
f 1348//1356 1347//1356 1403//1356 1404//1356 
f 1307//1357 1360//1357 1405//1357 1349//1357 
f 1406//1358 1350//1358 1297//1358 1349//1358 
f 1298//1359 1350//1359 1407//1359 1351//1359 
f 1352//1360 1306//1360 1359//1360 1408//1360 
f 1352//1361 1409//1361 1353//1361 1300//1361 
f 1354//1362 1301//1362 1353//1362 1410//1362 
f 1354//1363 1411//1363 1355//1363 1302//1363 
f 1356//1364 1303//1364 1355//1364 1412//1364 
f 1356//1365 1413//1365 1357//1365 1305//1365 
f 1414//1366 1358//1366 1357//1366 1415//1366 
f 1407//1367 1416//1367 1359//1367 1351//1367 
f 1417//1368 1360//1368 1348//1368 1404//1368 
f 1361//1369 1358//1369 1414//1369 1418//1369 
f 1361//1370 1419//1370 1362//1370 1308//1370 
f 1363//1371 1309//1371 1362//1371 1420//1371 
f 1363//1372 1421//1372 1422//1372 1364//1372 
f 1423//1373 1365//1373 1310//1373 1364//1373 
f 1311//1374 1365//1374 1424//1374 1366//1374 
f 1424//1375 1425//1375 1367//1375 1366//1375 
f 1367//1376 1425//1376 1426//1376 1368//1376 
f 1427//1377 1369//1377 1314//1377 1368//1377 
f 1315//1378 1369//1378 1428//1378 1370//1378 
f 1428//1379 1371//1379 1316//1379 1370//1379 
f 1317//1380 1371//1380 1429//1380 1372//1380 
f 1324//1381 1373//1381 1430//1381 1379//1381 
f 1374//1382 1323//1382 1378//1382 1431//1382 
f 1374//1383 1432//1383 1375//1383 1320//1383 
f 1376//1384 1321//1384 1375//1384 1433//1384 
f 1376//1385 1434//1385 1377//1385 1322//1385 
f 1435//1386 1373//1386 1377//1386 1436//1386 
f 1429//1387 1437//1387 1378//1387 1372//1387 
f 1438//1388 1380//1388 1325//1388 1379//1388 
f 1381//1389 1380//1389 1439//1389 1440//1389 
f 1381//1390 1441//1390 1382//1390 1326//1390 
f 1383//1391 1327//1391 1382//1391 1442//1391 
f 1383//1392 1443//1392 1384//1392 1328//1392 
f 1385//1393 1329//1393 1384//1393 1444//1393 
f 1385//1394 1445//1394 1386//1394 1330//1394 
f 1387//1395 1331//1395 1386//1395 1446//1395 
f 1387//1396 1447//1396 1388//1396 1332//1396 
f 1389//1397 1333//1397 1388//1397 1448//1397 
f 1389//1398 1449//1398 1390//1398 1334//1398 
f 1391//1399 1335//1399 1390//1399 1450//1399 
f 1391//1400 1451//1400 1392//1400 1337//1400 
f 1452//1401 1393//1401 1392//1401 1453//1401 
f 1394//1402 1393//1402 1452//1402 1454//1402 
f 1455//1403 1395//1403 1394//1403 1454//1403 
f 1396//1404 1395//1404 1455//1404 1456//1404 
f 1457//1405 1397//1405 1396//1405 1456//1405 
f 1398//1406 1397//1406 1457//1406 1458//1406 
f 1398//1407 1459//1407 1399//1407 1342//1407 
f 1399//1408 1459//1408 1460//1408 1400//1408 
f 1401//1409 1346//1409 1402//1409 1461//1409 
f 1403//1410 1347//1410 1401//1410 1461//1410 
f 1460//1411 1462//1411 1402//1411 1400//1411 
f 1403//1412 1463//1412 1464//1412 1404//1412 
f 1405//1413 1360//1413 1417//1413 1465//1413 
f 1405//1414 1466//1414 1406//1414 1349//1414 
f 1407//1415 1350//1415 1406//1415 1467//1415 
f 1359//1416 1416//1416 1468//1416 1408//1416 
f 1469//1417 1409//1417 1352//1417 1408//1417 
f 1353//1418 1409//1418 1470//1418 1410//1418 
f 1471//1419 1411//1419 1354//1419 1410//1419 
f 1355//1420 1411//1420 1472//1420 1412//1420 
f 1473//1421 1413//1421 1356//1421 1412//1421 
f 1357//1422 1413//1422 1474//1422 1415//1422 
f 1475//1423 1476//1423 1414//1423 1415//1423 
f 1477//1424 1416//1424 1407//1424 1467//1424 
f 1464//1425 1478//1425 1417//1425 1404//1425 
f 1414//1426 1476//1426 1479//1426 1418//1426 
f 1479//1427 1419//1427 1361//1427 1418//1427 
f 1362//1428 1419//1428 1480//1428 1420//1428 
f 1481//1429 1421//1429 1363//1429 1420//1429 
f 1422//1430 1421//1430 1482//1430 1483//1430 
f 1422//1431 1484//1431 1423//1431 1364//1431 
f 1424//1432 1365//1432 1423//1432 1485//1432 
f 1486//1433 1425//1433 1424//1433 1485//1433 
f 1426//1434 1425//1434 1486//1434 1487//1434 
f 1426//1435 1488//1435 1427//1435 1368//1435 
f 1489//1436 1369//1436 1427//1436 1490//1436 
f 1428//1437 1369//1437 1489//1437 1491//1437 
f 1429//1438 1371//1438 1428//1438 1491//1438 
f 1430//1439 1373//1439 1435//1439 1492//1439 
f 1430//1440 1493//1440 1438//1440 1379//1440 
f 1378//1441 1437//1441 1494//1441 1431//1441 
f 1495//1442 1432//1442 1374//1442 1431//1442 
f 1375//1443 1432//1443 1496//1443 1433//1443 
f 1497//1444 1434//1444 1376//1444 1433//1444 
f 1377//1445 1434//1445 1498//1445 1436//1445 
f 1498//1446 1499//1446 1435//1446 1436//1446 
f 1500//1447 1437//1447 1429//1447 1491//1447 
f 1439//1448 1380//1448 1438//1448 1501//1448 
f 1439//1449 1502//1449 1503//1449 1440//1449 
f 1504//1450 1441//1450 1381//1450 1440//1450 
f 1382//1451 1441//1451 1505//1451 1442//1451 
f 1506//1452 1443//1452 1383//1452 1442//1452 
f 1384//1453 1443//1453 1507//1453 1444//1453 
f 1508//1454 1445//1454 1385//1454 1444//1454 
f 1386//1455 1445//1455 1509//1455 1446//1455 
f 1510//1456 1447//1456 1387//1456 1446//1456 
f 1388//1457 1447//1457 1511//1457 1448//1457 
f 1512//1458 1449//1458 1389//1458 1448//1458 
f 1390//1459 1449//1459 1513//1459 1450//1459 
f 1514//1460 1451//1460 1391//1460 1450//1460 
f 1392//1461 1451//1461 1515//1461 1453//1461 
f 1516//1462 1517//1462 1452//1462 1453//1462 
f 1452//1463 1517//1463 1518//1463 1454//1463 
f 1518//1464 1519//1464 1455//1464 1454//1464 
f 1455//1465 1519//1465 1520//1465 1456//1465 
f 1520//1466 1521//1466 1457//1466 1456//1466 
f 1457//1467 1521//1467 1522//1467 1458//1467 
f 1523//1468 1459//1468 1398//1468 1458//1468 
f 1460//1469 1459//1469 1523//1469 1524//1469 
f 1402//1470 1462//1470 1525//1470 1461//1470 
f 1525//1471 1463//1471 1403//1471 1461//1471 
f 1526//1472 1462//1472 1460//1472 1524//1472 
f 1464//1473 1463//1473 1527//1473 1528//1473 
f 1417//1474 1478//1474 1529//1474 1465//1474 
f 1530//1475 1466//1475 1405//1475 1465//1475 
f 1406//1476 1466//1476 1530//1476 1467//1476 
f 1468//1477 1416//1477 1477//1477 1531//1477 
f 1468//1478 1532//1478 1469//1478 1408//1478 
f 1470//1479 1409//1479 1469//1479 1533//1479 
f 1470//1480 1534//1480 1471//1480 1410//1480 
f 1472//1481 1411//1481 1471//1481 1535//1481 
f 1472//1482 1536//1482 1473//1482 1412//1482 
f 1474//1483 1413//1483 1473//1483 1537//1483 
f 1474//1484 1538//1484 1475//1484 1415//1484 
f 1539//1485 1476//1485 1475//1485 1540//1485 
f 1530//1486 1541//1486 1477//1486 1467//1486 
f 1542//1487 1478//1487 1464//1487 1528//1487 
f 1479//1488 1476//1488 1539//1488 1543//1488 
f 1480//1489 1419//1489 1479//1489 1543//1489 
f 1480//1490 1544//1490 1481//1490 1420//1490 
f 1482//1491 1421//1491 1481//1491 1545//1491 
f 1482//1492 1546//1492 1547//1492 1483//1492 
f 1548//1493 1484//1493 1422//1493 1483//1493 
f 1423//1494 1484//1494 1549//1494 1485//1494 
f 1549//1495 1550//1495 1486//1495 1485//1495 
f 1486//1496 1550//1496 1551//1496 1487//1496 
f 1552//1497 1488//1497 1426//1497 1487//1497 
f 1427//1498 1488//1498 1553//1498 1490//1498 
f 1554//1499 1555//1499 1489//1499 1490//1499 
f 1489//1500 1555//1500 1500//1500 1491//1500 
f 1435//1501 1499//1501 1556//1501 1492//1501 
f 1557//1502 1493//1502 1430//1502 1492//1502 
f 1438//1503 1493//1503 1558//1503 1501//1503 
f 1494//1504 1437//1504 1500//1504 1559//1504 
f 1494//1505 1560//1505 1495//1505 1431//1505 
f 1496//1506 1432//1506 1495//1506 1561//1506 
f 1496//1507 1562//1507 1497//1507 1433//1507 
f 1498//1508 1434//1508 1497//1508 1563//1508 
f 1564//1509 1499//1509 1498//1509 1563//1509 
f 1565//1510 1502//1510 1439//1510 1501//1510 
f 1503//1511 1502//1511 1566//1511 1567//1511 
f 1503//1512 1568//1512 1504//1512 1440//1512 
f 1505//1513 1441//1513 1504//1513 1569//1513 
f 1505//1514 1570//1514 1506//1514 1442//1514 
f 1507//1515 1443//1515 1506//1515 1571//1515 
f 1507//1516 1572//1516 1508//1516 1444//1516 
f 1509//1517 1445//1517 1508//1517 1573//1517 
f 1509//1518 1574//1518 1510//1518 1446//1518 
f 1511//1519 1447//1519 1510//1519 1575//1519 
f 1511//1520 1576//1520 1512//1520 1448//1520 
f 1513//1521 1449//1521 1512//1521 1577//1521 
f 1513//1522 1578//1522 1514//1522 1450//1522 
f 1515//1523 1451//1523 1514//1523 1579//1523 
f 1515//1524 1580//1524 1516//1524 1453//1524 
f 1581//1525 1517//1525 1516//1525 1582//1525 
f 1518//1526 1517//1526 1583//1526 1584//1526 
f 1585//1527 1519//1527 1518//1527 1584//1527 
f 1520//1528 1519//1528 1585//1528 1586//1528 
f 1522//1529 1521//1529 1520//1529 1586//1529 
f 1522//1530 1587//1530 1523//1530 1458//1530 
f 1523//1531 1587//1531 1588//1531 1524//1531 
f 1525//1532 1462//1532 1526//1532 1589//1532 
f 1527//1533 1463//1533 1525//1533 1589//1533 
f 1588//1534 1590//1534 1526//1534 1524//1534 
f 1527//1535 1591//1535 1592//1535 1528//1535 
f 1529//1536 1478//1536 1542//1536 1593//1536 
f 1529//1537 1541//1537 1530//1537 1465//1537 
f 1477//1538 1541//1538 1594//1538 1531//1538 
f 1595//1539 1532//1539 1468//1539 1531//1539 
f 1469//1540 1532//1540 1595//1540 1533//1540 
f 1596//1541 1534//1541 1470//1541 1533//1541 
f 1471//1542 1534//1542 1597//1542 1535//1542 
f 1598//1543 1536//1543 1472//1543 1535//1543 
f 1473//1544 1536//1544 1599//1544 1537//1544 
f 1600//1545 1538//1545 1474//1545 1537//1545 
f 1475//1546 1538//1546 1601//1546 1540//1546 
f 1602//1547 1603//1547 1539//1547 1540//1547 
f 1592//1548 1604//1548 1542//1548 1528//1548 
f 1539//1549 1603//1549 1605//1549 1543//1549 
f 1605//1550 1544//1550 1480//1550 1543//1550 
f 1481//1551 1544//1551 1606//1551 1545//1551 
f 1607//1552 1546//1552 1482//1552 1545//1552 
f 1547//1553 1546//1553 1608//1553 1609//1553 
f 1547//1554 1610//1554 1548//1554 1483//1554 
f 1549//1555 1484//1555 1548//1555 1611//1555 
f 1612//1556 1550//1556 1549//1556 1611//1556 
f 1551//1557 1550//1557 1612//1557 1613//1557 
f 1551//1558 1614//1558 1552//1558 1487//1558 
f 1553//1559 1488//1559 1552//1559 1615//1559 
f 1553//1560 1616//1560 1554//1560 1490//1560 
f 1617//1561 1555//1561 1554//1561 1618//1561 
f 1500//1562 1555//1562 1619//1562 1559//1562 
f 1556//1563 1499//1563 1564//1563 1620//1563 
f 1556//1564 1621//1564 1557//1564 1492//1564 
f 1558//1565 1493//1565 1557//1565 1622//1565 
f 1558//1566 1623//1566 1565//1566 1501//1566 
f 1624//1567 1560//1567 1494//1567 1559//1567 
f 1495//1568 1560//1568 1625//1568 1561//1568 
f 1626//1569 1562//1569 1496//1569 1561//1569 
f 1497//1570 1562//1570 1627//1570 1563//1570 
f 1627//1571 1628//1571 1564//1571 1563//1571 
f 1566//1572 1502//1572 1565//1572 1629//1572 
f 1566//1573 1630//1573 1631//1573 1567//1573 
f 1632//1574 1568//1574 1503//1574 1567//1574 
f 1504//1575 1568//1575 1633//1575 1569//1575 
f 1634//1576 1570//1576 1505//1576 1569//1576 
f 1506//1577 1570//1577 1634//1577 1571//1577 
f 1635//1578 1572//1578 1507//1578 1571//1578 
f 1508//1579 1572//1579 1636//1579 1573//1579 
f 1637//1580 1574//1580 1509//1580 1573//1580 
f 1510//1581 1574//1581 1638//1581 1575//1581 
f 1639//1582 1576//1582 1511//1582 1575//1582 
f 1512//1583 1576//1583 1640//1583 1577//1583 
f 1641//1584 1578//1584 1513//1584 1577//1584 
f 1514//1585 1578//1585 1642//1585 1579//1585 
f 1643//1586 1580//1586 1515//1586 1579//1586 
f 1516//1587 1580//1587 1644//1587 1582//1587 
f 1645//1588 1517//1588 1581//1588 1646//1588 
f 1647//1589 1648//1589 1581//1589 1582//1589 
f 1583//1590 1517//1590 1649//1590 1650//1590 
f 1583//1591 1651//1591 1652//1591 1584//1591 
f 1652//1592 1653//1592 1585//1592 1584//1592 
f 1585//1593 1653//1593 1654//1593 1586//1593 
f 1654//1594 1587//1594 1522//1594 1586//1594 
f 1588//1595 1587//1595 1655//1595 1656//1595 
f 1526//1596 1590//1596 1657//1596 1589//1596 
f 1657//1597 1591//1597 1527//1597 1589//1597 
f 1658//1598 1590//1598 1588//1598 1656//1598 
f 1592//1599 1591//1599 1659//1599 1660//1599 
f 1542//1600 1604//1600 1661//1600 1593//1600 
f 1594//1601 1541//1601 1529//1601 1593//1601 
f 1594//1602 1662//1602 1595//1602 1531//1602 
f 1595//1603 1662//1603 1596//1603 1533//1603 
f 1597//1604 1534//1604 1596//1604 1663//1604 
f 1597//1605 1664//1605 1598//1605 1535//1605 
f 1599//1606 1536//1606 1598//1606 1665//1606 
f 1599//1607 1666//1607 1600//1607 1537//1607 
f 1601//1608 1538//1608 1600//1608 1667//1608 
f 1601//1609 1668//1609 1602//1609 1540//1609 
f 1669//1610 1603//1610 1602//1610 1670//1610 
f 1671//1611 1604//1611 1592//1611 1660//1611 
f 1605//1612 1603//1612 1669//1612 1672//1612 
f 1606//1613 1544//1613 1605//1613 1672//1613 
f 1606//1614 1673//1614 1607//1614 1545//1614 
f 1608//1615 1546//1615 1607//1615 1674//1615 
f 1608//1616 1675//1616 1676//1616 1609//1616 
f 1677//1617 1610//1617 1547//1617 1609//1617 
f 1548//1618 1610//1618 1678//1618 1611//1618 
f 1678//1619 1679//1619 1612//1619 1611//1619 
f 1612//1620 1679//1620 1680//1620 1613//1620 
f 1681//1621 1614//1621 1551//1621 1613//1621 
f 1552//1622 1614//1622 1682//1622 1615//1622 
f 1683//1623 1616//1623 1553//1623 1615//1623 
f 1554//1624 1616//1624 1684//1624 1618//1624 
f 1619//1625 1555//1625 1617//1625 1685//1625 
f 1686//1626 1687//1626 1617//1626 1618//1626 
f 1619//1627 1688//1627 1624//1627 1559//1627 
f 1564//1628 1628//1628 1689//1628 1620//1628 
f 1690//1629 1621//1629 1556//1629 1620//1629 
f 1557//1630 1621//1630 1691//1630 1622//1630 
f 1692//1631 1623//1631 1558//1631 1622//1631 
f 1565//1632 1623//1632 1693//1632 1629//1632 
f 1625//1633 1560//1633 1624//1633 1694//1633 
f 1625//1634 1695//1634 1626//1634 1561//1634 
f 1627//1635 1562//1635 1626//1635 1696//1635 
f 1697//1636 1628//1636 1627//1636 1696//1636 
f 1698//1637 1630//1637 1566//1637 1629//1637 
f 1631//1638 1630//1638 1699//1638 1700//1638 
f 1631//1639 1701//1639 1632//1639 1567//1639 
f 1633//1640 1568//1640 1632//1640 1702//1640 
f 1633//1641 1703//1641 1634//1641 1569//1641 
f 1634//1642 1703//1642 1704//1642 1571//1642 
f 1636//1643 1572//1643 1635//1643 1705//1643 
f 1704//1644 1706//1644 1635//1644 1571//1644 
f 1636//1645 1707//1645 1637//1645 1573//1645 
f 1638//1646 1574//1646 1637//1646 1708//1646 
f 1638//1647 1709//1647 1639//1647 1575//1647 
f 1640//1648 1576//1648 1639//1648 1710//1648 
f 1640//1649 1711//1649 1641//1649 1577//1649 
f 1642//1650 1578//1650 1641//1650 1712//1650 
f 1642//1651 1713//1651 1643//1651 1579//1651 
f 1644//1652 1580//1652 1643//1652 1714//1652 
f 1644//1653 1715//1653 1716//1653 1582//1653 
f 1649//1654 1517//1654 1645//1654 1717//1654 
f 1581//1655 1648//1655 1647//1655 1646//1655 
f 1718//1656 1719//1656 1645//1656 1646//1656 
f 1716//1657 1720//1657 1647//1657 1582//1657 
f 1649//1658 1721//1658 1722//1658 1650//1658 
f 1723//1659 1651//1659 1583//1659 1650//1659 
f 1652//1660 1651//1660 1724//1660 1725//1660 
f 1726//1661 1653//1661 1652//1661 1725//1661 
f 1654//1662 1653//1662 1726//1662 1727//1662 
f 1655//1663 1587//1663 1654//1663 1727//1663 
f 1655//1664 1728//1664 1658//1664 1656//1664 
f 1657//1665 1590//1665 1658//1665 1729//1665 
f 1659//1666 1591//1666 1657//1666 1729//1666 
f 1659//1667 1730//1667 1731//1667 1660//1667 
f 1661//1668 1604//1668 1671//1668 1663//1668 
f 1661//1669 1662//1669 1594//1669 1593//1669 
f 1596//1670 1662//1670 1661//1670 1663//1670 
f 1671//1671 1664//1671 1597//1671 1663//1671 
f 1598//1672 1664//1672 1731//1672 1665//1672 
f 1732//1673 1666//1673 1599//1673 1665//1673 
f 1600//1674 1666//1674 1733//1674 1667//1674 
f 1734//1675 1668//1675 1601//1675 1667//1675 
f 1602//1676 1668//1676 1735//1676 1670//1676 
f 1736//1677 1737//1677 1669//1677 1670//1677 
f 1731//1678 1664//1678 1671//1678 1660//1678 
f 1669//1679 1737//1679 1738//1679 1672//1679 
f 1738//1680 1673//1680 1606//1680 1672//1680 
f 1607//1681 1673//1681 1739//1681 1674//1681 
f 1740//1682 1675//1682 1608//1682 1674//1682 
f 1676//1683 1675//1683 1741//1683 1742//1683 
f 1676//1684 1743//1684 1677//1684 1609//1684 
f 1678//1685 1610//1685 1677//1685 1744//1685 
f 1745//1686 1679//1686 1678//1686 1744//1686 
f 1680//1687 1679//1687 1745//1687 1746//1687 
f 1680//1688 1747//1688 1681//1688 1613//1688 
f 1682//1689 1614//1689 1681//1689 1748//1689 
f 1682//1690 1749//1690 1683//1690 1615//1690 
f 1750//1691 1616//1691 1683//1691 1751//1691 
f 1684//1692 1616//1692 1750//1692 1752//1692 
f 1684//1693 1753//1693 1686//1693 1618//1693 
f 1617//1694 1687//1694 1754//1694 1685//1694 
f 1755//1695 1688//1695 1619//1695 1685//1695 
f 1754//1696 1687//1696 1686//1696 1756//1696 
f 1624//1697 1688//1697 1757//1697 1694//1697 
f 1689//1698 1628//1698 1697//1698 1758//1698 
f 1689//1699 1759//1699 1690//1699 1620//1699 
f 1691//1700 1621//1700 1690//1700 1760//1700 
f 1691//1701 1761//1701 1692//1701 1622//1701 
f 1693//1702 1623//1702 1692//1702 1762//1702 
f 1693//1703 1763//1703 1698//1703 1629//1703 
f 1764//1704 1695//1704 1625//1704 1694//1704 
f 1626//1705 1695//1705 1765//1705 1696//1705 
f 1765//1706 1766//1706 1697//1706 1696//1706 
f 1699//1707 1630//1707 1698//1707 1767//1707 
f 1699//1708 1768//1708 1769//1708 1700//1708 
f 1770//1709 1701//1709 1631//1709 1700//1709 
f 1632//1710 1701//1710 1771//1710 1702//1710 
f 1772//1711 1703//1711 1633//1711 1702//1711 
f 1704//1712 1703//1712 1772//1712 1773//1712 
f 1635//1713 1706//1713 1774//1713 1705//1713 
f 1775//1714 1707//1714 1636//1714 1705//1714 
f 1776//1715 1706//1715 1704//1715 1773//1715 
f 1637//1716 1707//1716 1777//1716 1708//1716 
f 1778//1717 1709//1717 1638//1717 1708//1717 
f 1639//1718 1709//1718 1779//1718 1710//1718 
f 1780//1719 1711//1719 1640//1719 1710//1719 
f 1641//1720 1711//1720 1781//1720 1712//1720 
f 1782//1721 1713//1721 1642//1721 1712//1721 
f 1643//1722 1713//1722 1783//1722 1714//1722 
f 1784//1723 1715//1723 1644//1723 1714//1723 
f 1716//1724 1715//1724 1785//1724 1786//1724 
f 1645//1725 1719//1725 1787//1725 1717//1725 
f 1788//1726 1721//1726 1649//1726 1717//1726 
f 1647//1727 1720//1727 1718//1727 1646//1727 
f 1787//1728 1719//1728 1718//1728 1789//1728 
f 1790//1729 1720//1729 1716//1729 1786//1729 
f 1722//1730 1721//1730 1791//1730 1792//1730 
f 1722//1731 1793//1731 1723//1731 1650//1731 
f 1724//1732 1651//1732 1723//1732 1794//1732 
f 1724//1733 1668//1733 1734//1733 1725//1733 
f 1734//1734 1795//1734 1726//1734 1725//1734 
f 1726//1735 1795//1735 1796//1735 1727//1735 
f 1796//1736 1728//1736 1655//1736 1727//1736 
f 1658//1737 1728//1737 1797//1737 1729//1737 
f 1797//1738 1730//1738 1659//1738 1729//1738 
f 1731//1739 1730//1739 1732//1739 1665//1739 
f 1733//1740 1666//1740 1732//1740 1798//1740 
f 1733//1741 1795//1741 1734//1741 1667//1741 
f 1735//1742 1668//1742 1724//1742 1794//1742 
f 1735//1743 1793//1743 1736//1743 1670//1743 
f 1799//1744 1737//1744 1736//1744 1792//1744 
f 1738//1745 1737//1745 1799//1745 1800//1745 
f 1739//1746 1673//1746 1738//1746 1800//1746 
f 1739//1747 1801//1747 1740//1747 1674//1747 
f 1741//1748 1675//1748 1740//1748 1802//1748 
f 1741//1749 1803//1749 1804//1749 1742//1749 
f 1805//1750 1743//1750 1676//1750 1742//1750 
f 1677//1751 1743//1751 1806//1751 1744//1751 
f 1806//1752 1807//1752 1745//1752 1744//1752 
f 1745//1753 1807//1753 1808//1753 1746//1753 
f 1809//1754 1747//1754 1680//1754 1746//1754 
f 1681//1755 1747//1755 1810//1755 1748//1755 
f 1811//1756 1749//1756 1682//1756 1748//1756 
f 1683//1757 1749//1757 1812//1757 1751//1757 
f 1812//1758 1813//1758 1750//1758 1751//1758 
f 1750//1759 1813//1759 1814//1759 1752//1759 
f 1815//1760 1753//1760 1684//1760 1752//1760 
f 1686//1761 1753//1761 1816//1761 1756//1761 
f 1754//1762 1817//1762 1755//1762 1685//1762 
f 1757//1763 1688//1763 1755//1763 1818//1763 
f 1819//1764 1817//1764 1754//1764 1756//1764 
f 1757//1765 1820//1765 1764//1765 1694//1765 
f 1697//1766 1766//1766 1821//1766 1758//1766 
f 1822//1767 1759//1767 1689//1767 1758//1767 
f 1690//1768 1759//1768 1823//1768 1760//1768 
f 1823//1769 1761//1769 1691//1769 1760//1769 
f 1692//1770 1761//1770 1824//1770 1762//1770 
f 1824//1771 1763//1771 1693//1771 1762//1771 
f 1698//1772 1763//1772 1825//1772 1767//1772 
f 1765//1773 1695//1773 1764//1773 1826//1773 
f 1821//1774 1766//1774 1765//1774 1826//1774 
f 1827//1775 1768//1775 1699//1775 1767//1775 
f 1769//1776 1768//1776 1828//1776 1829//1776 
f 1769//1777 1830//1777 1770//1777 1700//1777 
f 1771//1778 1701//1778 1770//1778 1831//1778 
f 1771//1779 1832//1779 1772//1779 1702//1779 
f 1772//1780 1832//1780 1833//1780 1773//1780 
f 1774//1781 1706//1781 1776//1781 1834//1781 
f 1774//1782 1835//1782 1775//1782 1705//1782 
f 1777//1783 1707//1783 1775//1783 1836//1783 
f 1833//1784 1837//1784 1776//1784 1773//1784 
f 1777//1785 1838//1785 1778//1785 1708//1785 
f 1779//1786 1709//1786 1778//1786 1839//1786 
f 1779//1787 1840//1787 1780//1787 1710//1787 
f 1781//1788 1711//1788 1780//1788 1841//1788 
f 1781//1789 1842//1789 1782//1789 1712//1789 
f 1783//1790 1713//1790 1782//1790 1843//1790 
f 1783//1791 1844//1791 1784//1791 1714//1791 
f 1785//1792 1715//1792 1784//1792 1845//1792 
f 1785//1793 1846//1793 1847//1793 1786//1793 
f 1787//1794 1848//1794 1788//1794 1717//1794 
f 1791//1795 1721//1795 1788//1795 1849//1795 
f 1718//1796 1720//1796 1850//1796 1789//1796 
f 1850//1797 1848//1797 1787//1797 1789//1797 
f 1850//1798 1720//1798 1790//1798 1851//1798 
f 1847//1799 1852//1799 1790//1799 1786//1799 
f 1791//1800 1853//1800 1799//1800 1792//1800 
f 1736//1801 1793//1801 1722//1801 1792//1801 
f 1723//1802 1793//1802 1735//1802 1794//1802 
f 1796//1803 1795//1803 1733//1803 1798//1803 
f 1797//1804 1728//1804 1796//1804 1798//1804 
f 1732//1805 1730//1805 1797//1805 1798//1805 
f 1799//1806 1853//1806 1854//1806 1800//1806 
f 1854//1807 1801//1807 1739//1807 1800//1807 
f 1740//1808 1801//1808 1855//1808 1802//1808 
f 1856//1809 1803//1809 1741//1809 1802//1809 
f 1804//1810 1803//1810 1857//1810 1858//1810 
f 1804//1811 1859//1811 1805//1811 1742//1811 
f 1806//1812 1743//1812 1805//1812 1860//1812 
f 1861//1813 1807//1813 1806//1813 1860//1813 
f 1808//1814 1807//1814 1861//1814 1862//1814 
f 1808//1815 1863//1815 1809//1815 1746//1815 
f 1810//1816 1747//1816 1809//1816 1864//1816 
f 1810//1817 1865//1817 1811//1817 1748//1817 
f 1812//1818 1749//1818 1811//1818 1866//1818 
f 1867//1819 1813//1819 1812//1819 1866//1819 
f 1814//1820 1813//1820 1867//1820 1868//1820 
f 1814//1821 1869//1821 1815//1821 1752//1821 
f 1816//1822 1753//1822 1815//1822 1870//1822 
f 1816//1823 1871//1823 1819//1823 1756//1823 
f 1755//1824 1817//1824 1872//1824 1818//1824 
f 1873//1825 1820//1825 1757//1825 1818//1825 
f 1872//1826 1817//1826 1819//1826 1874//1826 
f 1764//1827 1820//1827 1828//1827 1826//1827 
f 1821//1828 1875//1828 1822//1828 1758//1828 
f 1823//1829 1759//1829 1822//1829 1876//1829 
f 1824//1830 1761//1830 1823//1830 1876//1830 
f 1825//1831 1763//1831 1824//1831 1876//1831 
f 1825//1832 1875//1832 1827//1832 1767//1832 
f 1827//1833 1875//1833 1821//1833 1826//1833 
f 1828//1834 1768//1834 1827//1834 1826//1834 
f 1828//1835 1820//1835 1873//1835 1829//1835 
f 1877//1836 1830//1836 1769//1836 1829//1836 
f 1770//1837 1830//1837 1878//1837 1831//1837 
f 1879//1838 1832//1838 1771//1838 1831//1838 
f 1833//1839 1832//1839 1879//1839 1880//1839 
f 1776//1840 1837//1840 1881//1840 1834//1840 
f 1882//1841 1835//1841 1774//1841 1834//1841 
f 1775//1842 1835//1842 1883//1842 1836//1842 
f 1883//1843 1838//1843 1777//1843 1836//1843 
f 1884//1844 1837//1844 1833//1844 1880//1844 
f 1778//1845 1838//1845 1885//1845 1839//1845 
f 1885//1846 1840//1846 1779//1846 1839//1846 
f 1780//1847 1840//1847 1886//1847 1841//1847 
f 1887//1848 1842//1848 1781//1848 1841//1848 
f 1782//1849 1842//1849 1888//1849 1843//1849 
f 1889//1850 1844//1850 1783//1850 1843//1850 
f 1784//1851 1844//1851 1890//1851 1845//1851 
f 1891//1852 1846//1852 1785//1852 1845//1852 
f 1847//1853 1846//1853 1892//1853 1893//1853 
f 1788//1854 1848//1854 1894//1854 1849//1854 
f 1895//1855 1853//1855 1791//1855 1849//1855 
f 1896//1856 1848//1856 1850//1856 1851//1856 
f 1790//1857 1852//1857 1897//1857 1851//1857 
f 1898//1858 1852//1858 1847//1858 1893//1858 
f 1854//1859 1853//1859 1895//1859 1899//1859 
f 1855//1860 1801//1860 1854//1860 1899//1860 
f 1855//1861 1900//1861 1856//1861 1802//1861 
f 1857//1862 1803//1862 1856//1862 1901//1862 
f 1857//1863 1902//1863 1903//1863 1858//1863 
f 1904//1864 1859//1864 1804//1864 1858//1864 
f 1805//1865 1859//1865 1905//1865 1860//1865 
f 1905//1866 1906//1866 1861//1866 1860//1866 
f 1861//1867 1906//1867 1907//1867 1862//1867 
f 1908//1868 1863//1868 1808//1868 1862//1868 
f 1809//1869 1863//1869 1909//1869 1864//1869 
f 1910//1870 1865//1870 1810//1870 1864//1870 
f 1811//1871 1865//1871 1911//1871 1866//1871 
f 1911//1872 1912//1872 1867//1872 1866//1872 
f 1867//1873 1912//1873 1913//1873 1868//1873 
f 1914//1874 1869//1874 1814//1874 1868//1874 
f 1815//1875 1869//1875 1915//1875 1870//1875 
f 1916//1876 1871//1876 1816//1876 1870//1876 
f 1819//1877 1871//1877 1917//1877 1874//1877 
f 1872//1878 1918//1878 1873//1878 1818//1878 
f 1919//1879 1918//1879 1872//1879 1874//1879 
f 1822//1880 1875//1880 1825//1880 1876//1880 
f 1873//1881 1918//1881 1877//1881 1829//1881 
f 1878//1882 1830//1882 1877//1882 1920//1882 
f 1878//1883 1921//1883 1879//1883 1831//1883 
f 1879//1884 1921//1884 1922//1884 1880//1884 
f 1881//1885 1837//1885 1884//1885 1923//1885 
f 1881//1886 1924//1886 1882//1886 1834//1886 
f 1883//1887 1835//1887 1882//1887 1925//1887 
f 1926//1888 1838//1888 1883//1888 1925//1888 
f 1922//1889 1927//1889 1884//1889 1880//1889 
f 1885//1890 1838//1890 1926//1890 1928//1890 
f 1886//1891 1840//1891 1885//1891 1928//1891 
f 1886//1892 1929//1892 1887//1892 1841//1892 
f 1888//1893 1842//1893 1887//1893 1930//1893 
f 1888//1894 1931//1894 1889//1894 1843//1894 
f 1890//1895 1844//1895 1889//1895 1932//1895 
f 1890//1896 1933//1896 1891//1896 1845//1896 
f 1892//1897 1846//1897 1891//1897 1934//1897 
f 1892//1898 1935//1898 1936//1898 1893//1898 
f 1894//1899 1848//1899 1896//1899 1937//1899 
f 1894//1900 1938//1900 1895//1900 1849//1900 
f 1897//1901 1939//1901 1896//1901 1851//1901 
f 1897//1902 1852//1902 1898//1902 1940//1902 
f 1936//1903 1941//1903 1898//1903 1893//1903 
f 1895//1904 1938//1904 1942//1904 1899//1904 
f 1942//1905 1900//1905 1855//1905 1899//1905 
f 1856//1906 1900//1906 1943//1906 1901//1906 
f 1944//1907 1902//1907 1857//1907 1901//1907 
f 1903//1908 1902//1908 1945//1908 1946//1908 
f 1903//1909 1947//1909 1904//1909 1858//1909 
f 1905//1910 1859//1910 1904//1910 1948//1910 
f 1949//1911 1906//1911 1905//1911 1948//1911 
f 1907//1912 1906//1912 1949//1912 1950//1912 
f 1907//1913 1951//1913 1908//1913 1862//1913 
f 1909//1914 1863//1914 1908//1914 1952//1914 
f 1909//1915 1953//1915 1910//1915 1864//1915 
f 1911//1916 1865//1916 1910//1916 1954//1916 
f 1955//1917 1912//1917 1911//1917 1954//1917 
f 1913//1918 1912//1918 1955//1918 1956//1918 
f 1913//1919 1957//1919 1914//1919 1868//1919 
f 1915//1920 1869//1920 1914//1920 1958//1920 
f 1915//1921 1959//1921 1916//1921 1870//1921 
f 1917//1922 1871//1922 1916//1922 1960//1922 
f 1917//1923 1961//1923 1919//1923 1874//1923 
f 1877//1924 1918//1924 1919//1924 1920//1924 
f 1962//1925 1921//1925 1878//1925 1920//1925 
f 1922//1926 1921//1926 1962//1926 1963//1926 
f 1884//1927 1927//1927 1964//1927 1923//1927 
f 1965//1928 1924//1928 1881//1928 1923//1928 
f 1882//1929 1924//1929 1966//1929 1925//1929 
f 1966//1930 1967//1930 1926//1930 1925//1930 
f 1968//1931 1927//1931 1922//1931 1963//1931 
f 1926//1932 1967//1932 1969//1932 1928//1932 
f 1969//1933 1929//1933 1886//1933 1928//1933 
f 1887//1934 1929//1934 1970//1934 1930//1934 
f 1971//1935 1931//1935 1888//1935 1930//1935 
f 1889//1936 1931//1936 1972//1936 1932//1936 
f 1973//1937 1933//1937 1890//1937 1932//1937 
f 1891//1938 1933//1938 1974//1938 1934//1938 
f 1975//1939 1935//1939 1892//1939 1934//1939 
f 1936//1940 1935//1940 1976//1940 1977//1940 
f 1896//1941 1939//1941 1978//1941 1937//1941 
f 1978//1942 1938//1942 1894//1942 1937//1942 
f 1979//1943 1939//1943 1897//1943 1940//1943 
f 1898//1944 1941//1944 1980//1944 1940//1944 
f 1981//1945 1941//1945 1936//1945 1977//1945 
f 1942//1946 1938//1946 1982//1946 1983//1946 
f 1943//1947 1900//1947 1942//1947 1983//1947 
f 1943//1948 1984//1948 1944//1948 1901//1948 
f 1945//1949 1902//1949 1944//1949 1985//1949 
f 1945//1950 1986//1950 1987//1950 1946//1950 
f 1988//1951 1947//1951 1903//1951 1946//1951 
f 1904//1952 1947//1952 1989//1952 1948//1952 
f 1989//1953 1990//1953 1949//1953 1948//1953 
f 1949//1954 1990//1954 1991//1954 1950//1954 
f 1992//1955 1951//1955 1907//1955 1950//1955 
f 1908//1956 1951//1956 1993//1956 1952//1956 
f 1994//1957 1953//1957 1909//1957 1952//1957 
f 1910//1958 1953//1958 1995//1958 1954//1958 
f 1995//1959 1996//1959 1955//1959 1954//1959 
f 1955//1960 1996//1960 1997//1960 1956//1960 
f 1998//1961 1957//1961 1913//1961 1956//1961 
f 1914//1962 1957//1962 1999//1962 1958//1962 
f 2000//1963 1959//1963 1915//1963 1958//1963 
f 1916//1964 1959//1964 2001//1964 1960//1964 
f 2002//1965 1961//1965 1917//1965 1960//1965 
f 1919//1966 1961//1966 1962//1966 1920//1966 
f 1962//1967 1961//1967 2002//1967 1963//1967 
f 1964//1968 1927//1968 1968//1968 2003//1968 
f 1964//1969 2004//1969 1965//1969 1923//1969 
f 1966//1970 1924//1970 1965//1970 2005//1970 
f 1969//1971 1967//1971 1966//1971 2005//1971 
f 2002//1972 2006//1972 1968//1972 1963//1972 
f 2007//1973 1929//1973 1969//1973 2005//1973 
f 1970//1974 1929//1974 2008//1974 2009//1974 
f 1970//1975 2010//1975 1971//1975 1930//1975 
f 2011//1976 1931//1976 1971//1976 2012//1976 
f 1972//1977 1931//1977 2011//1977 2013//1977 
f 1972//1978 2014//1978 1973//1978 1932//1978 
f 1974//1979 1933//1979 1973//1979 2015//1979 
f 1974//1980 2016//1980 1975//1980 1934//1980 
f 1976//1981 1935//1981 1975//1981 2017//1981 
f 1976//1982 2018//1982 2019//1982 1977//1982 
f 1978//1983 1939//1983 1979//1983 2020//1983 
f 1982//1984 1938//1984 1978//1984 2020//1984 
f 1980//1985 2021//1985 1979//1985 1940//1985 
f 1980//1986 1941//1986 1981//1986 2022//1986 
f 2019//1987 2023//1987 1981//1987 1977//1987 
f 1982//1988 2024//1988 2025//1988 1983//1988 
f 2025//1989 1984//1989 1943//1989 1983//1989 
f 1944//1990 1984//1990 2026//1990 1985//1990 
f 2027//1991 1986//1991 1945//1991 1985//1991 
f 1987//1992 1986//1992 2028//1992 2029//1992 
f 1987//1993 2030//1993 1988//1993 1946//1993 
f 1989//1994 1947//1994 1988//1994 2031//1994 
f 2032//1995 1990//1995 1989//1995 2031//1995 
f 1991//1996 1990//1996 2032//1996 2033//1996 
f 1991//1997 2034//1997 1992//1997 1950//1997 
f 1993//1998 1951//1998 1992//1998 2035//1998 
f 1993//1999 2036//1999 1994//1999 1952//1999 
f 1995//2000 1953//2000 1994//2000 2037//2000 
f 2038//2001 1996//2001 1995//2001 2037//2001 
f 1997//2002 1996//2002 2038//2002 2039//2002 
f 1997//2003 2040//2003 1998//2003 1956//2003 
f 1999//2004 1957//2004 1998//2004 2041//2004 
f 1999//2005 2042//2005 2000//2005 1958//2005 
f 2001//2006 1959//2006 2000//2006 2043//2006 
f 2001//2007 2006//2007 2002//2007 1960//2007 
f 1968//2008 2006//2008 2044//2008 2003//2008 
f 2045//2009 2004//2009 1964//2009 2003//2009 
f 1965//2010 2004//2010 2007//2010 2005//2010 
f 2046//2011 1929//2011 2007//2011 2047//2011 
f 2008//2012 1929//2012 2048//2012 2049//2012 
f 2008//2013 2050//2013 2051//2013 2009//2013 
f 2051//2014 2010//2014 1970//2014 2009//2014 
f 1971//2015 2010//2015 2051//2015 2012//2015 
f 2052//2016 2053//2016 2011//2016 2012//2016 
f 2011//2017 2053//2017 2054//2017 2013//2017 
f 2055//2018 2014//2018 1972//2018 2013//2018 
f 1973//2019 2014//2019 2056//2019 2015//2019 
f 2057//2020 2016//2020 1974//2020 2015//2020 
f 1975//2021 2016//2021 2058//2021 2017//2021 
f 2059//2022 2018//2022 1976//2022 2017//2022 
f 2019//2023 2018//2023 2060//2023 2061//2023 
f 1979//2024 2021//2024 2062//2024 2020//2024 
f 2062//2025 2024//2025 1982//2025 2020//2025 
f 2063//2026 2021//2026 1980//2026 2022//2026 
f 1981//2027 2023//2027 2064//2027 2022//2027 
f 2065//2028 2023//2028 2019//2028 2061//2028 
f 2025//2029 2024//2029 2066//2029 2067//2029 
f 2026//2030 1984//2030 2025//2030 2067//2030 
f 2026//2031 2068//2031 2027//2031 1985//2031 
f 2028//2032 1986//2032 2027//2032 2069//2032 
f 2028//2033 2070//2033 2071//2033 2029//2033 
f 2072//2034 2030//2034 1987//2034 2029//2034 
f 1988//2035 2030//2035 2073//2035 2031//2035 
f 2073//2036 2074//2036 2032//2036 2031//2036 
f 2032//2037 2074//2037 2075//2037 2033//2037 
f 2076//2038 2034//2038 1991//2038 2033//2038 
f 1992//2039 2034//2039 2077//2039 2035//2039 
f 2078//2040 2036//2040 1993//2040 2035//2040 
f 1994//2041 2036//2041 2079//2041 2037//2041 
f 2079//2042 2080//2042 2038//2042 2037//2042 
f 2038//2043 2080//2043 2081//2043 2039//2043 
f 2082//2044 2040//2044 1997//2044 2039//2044 
f 1998//2045 2040//2045 2083//2045 2041//2045 
f 2084//2046 2042//2046 1999//2046 2041//2046 
f 2000//2047 2042//2047 2085//2047 2043//2047 
f 2044//2048 2006//2048 2001//2048 2043//2048 
f 2044//2049 2086//2049 2045//2049 2003//2049 
f 2007//2050 2004//2050 2045//2050 2047//2050 
f 2048//2051 1929//2051 2046//2051 2087//2051 
f 2045//2052 2086//2052 2046//2052 2047//2052 
f 2048//2053 2088//2053 2089//2053 2049//2053 
f 2052//2054 2050//2054 2008//2054 2049//2054 
f 2051//2055 2050//2055 2052//2055 2012//2055 
f 2089//2056 2053//2056 2052//2056 2049//2056 
f 2054//2057 2053//2057 2090//2057 2091//2057 
f 2054//2058 2092//2058 2055//2058 2013//2058 
f 2093//2059 2014//2059 2055//2059 2094//2059 
f 2056//2060 2014//2060 2093//2060 2095//2060 
f 2056//2061 2096//2061 2057//2061 2015//2061 
f 2058//2062 2016//2062 2057//2062 2097//2062 
f 2058//2063 2098//2063 2099//2063 2017//2063 
f 2060//2064 2018//2064 2059//2064 2100//2064 
f 2099//2065 2101//2065 2059//2065 2017//2065 
f 2060//2066 2102//2066 2103//2066 2061//2066 
f 2062//2067 2021//2067 2104//2067 2105//2067 
f 2066//2068 2024//2068 2062//2068 2105//2068 
f 2104//2069 2021//2069 2063//2069 2106//2069 
f 2064//2070 2107//2070 2063//2070 2022//2070 
f 2064//2071 2023//2071 2065//2071 2108//2071 
f 2103//2072 2109//2072 2065//2072 2061//2072 
f 2066//2073 2110//2073 2111//2073 2067//2073 
f 2111//2074 2068//2074 2026//2074 2067//2074 
f 2027//2075 2068//2075 2112//2075 2069//2075 
f 2113//2076 2070//2076 2028//2076 2069//2076 
f 2071//2077 2070//2077 2114//2077 2115//2077 
f 2071//2078 2116//2078 2072//2078 2029//2078 
f 2073//2079 2030//2079 2072//2079 2117//2079 
f 2118//2080 2074//2080 2073//2080 2117//2080 
f 2075//2081 2074//2081 2118//2081 2119//2081 
f 2075//2082 2120//2082 2076//2082 2033//2082 
f 2077//2083 2034//2083 2076//2083 2121//2083 
f 2077//2084 2122//2084 2078//2084 2035//2084 
f 2079//2085 2036//2085 2078//2085 2123//2085 
f 2124//2086 2080//2086 2079//2086 2123//2086 
f 2081//2087 2080//2087 2124//2087 2125//2087 
f 2081//2088 2126//2088 2082//2088 2039//2088 
f 2083//2089 2040//2089 2082//2089 2127//2089 
f 2083//2090 2088//2090 2084//2090 2041//2090 
f 2085//2091 2042//2091 2084//2091 2087//2091 
f 2085//2092 2086//2092 2044//2092 2043//2092 
f 2046//2093 2086//2093 2085//2093 2087//2093 
f 2084//2094 2088//2094 2048//2094 2087//2094 
f 2089//2095 2088//2095 2083//2095 2127//2095 
f 2090//2096 2053//2096 2089//2096 2127//2096 
f 2090//2097 2126//2097 2128//2097 2091//2097 
f 2129//2098 2092//2098 2054//2098 2091//2098 
f 2055//2099 2092//2099 2130//2099 2094//2099 
f 2131//2100 2132//2100 2093//2100 2094//2100 
f 2093//2101 2132//2101 2133//2101 2095//2101 
f 2133//2102 2096//2102 2056//2102 2095//2102 
f 2057//2103 2096//2103 2134//2103 2097//2103 
f 2135//2104 2098//2104 2058//2104 2097//2104 
f 2099//2105 2098//2105 2136//2105 2137//2105 
f 2059//2106 2101//2106 2138//2106 2100//2106 
f 2139//2107 2102//2107 2060//2107 2100//2107 
f 2138//2108 2101//2108 2099//2108 2137//2108 
f 2103//2109 2102//2109 2140//2109 2141//2109 
f 2104//2110 2142//2110 2143//2110 2105//2110 
f 2143//2111 2110//2111 2066//2111 2105//2111 
f 2063//2112 2107//2112 2144//2112 2106//2112 
f 2144//2113 2142//2113 2104//2113 2106//2113 
f 2145//2114 2107//2114 2064//2114 2108//2114 
f 2065//2115 2109//2115 2146//2115 2108//2115 
f 2147//2116 2109//2116 2103//2116 2141//2116 
f 2111//2117 2110//2117 2148//2117 2149//2117 
f 2112//2118 2068//2118 2111//2118 2149//2118 
f 2112//2119 2150//2119 2113//2119 2069//2119 
f 2114//2120 2070//2120 2113//2120 2151//2120 
f 2114//2121 2152//2121 2153//2121 2115//2121 
f 2153//2122 2116//2122 2071//2122 2115//2122 
f 2072//2123 2116//2123 2154//2123 2117//2123 
f 2154//2124 2155//2124 2118//2124 2117//2124 
f 2118//2125 2155//2125 2156//2125 2119//2125 
f 2157//2126 2120//2126 2075//2126 2119//2126 
f 2076//2127 2120//2127 2158//2127 2121//2127 
f 2159//2128 2122//2128 2077//2128 2121//2128 
f 2078//2129 2122//2129 2160//2129 2123//2129 
f 2160//2130 2161//2130 2124//2130 2123//2130 
f 2124//2131 2161//2131 2162//2131 2125//2131 
f 2128//2132 2126//2132 2081//2132 2125//2132 
f 2082//2133 2126//2133 2090//2133 2127//2133 
f 2128//2134 2163//2134 2129//2134 2091//2134 
f 2130//2135 2092//2135 2129//2135 2164//2135 
f 2130//2136 2165//2136 2131//2136 2094//2136 
f 2166//2137 2132//2137 2131//2137 2167//2137 
f 2133//2138 2132//2138 2168//2138 2169//2138 
f 2134//2139 2096//2139 2133//2139 2169//2139 
f 2134//2140 2170//2140 2135//2140 2097//2140 
f 2136//2141 2098//2141 2135//2141 2171//2141 
f 2136//2142 2172//2142 2173//2142 2137//2142 
f 2138//2143 2174//2143 2139//2143 2100//2143 
f 2175//2144 2102//2144 2139//2144 2176//2144 
f 2173//2145 2174//2145 2138//2145 2137//2145 
f 2140//2146 2102//2146 2175//2146 2177//2146 
f 2140//2147 2178//2147 2147//2147 2141//2147 
f 2143//2148 2142//2148 2179//2148 2180//2148 
f 2148//2149 2110//2149 2143//2149 2180//2149 
f 2144//2150 2107//2150 2145//2150 2181//2150 
f 2179//2151 2142//2151 2144//2151 2181//2151 
f 2146//2152 2182//2152 2145//2152 2108//2152 
f 2146//2153 2109//2153 2183//2153 2184//2153 
f 2183//2154 2109//2154 2147//2154 2185//2154 
f 2148//2155 2186//2155 2187//2155 2149//2155 
f 2187//2156 2150//2156 2112//2156 2149//2156 
f 2113//2157 2150//2157 2188//2157 2151//2157 
f 2189//2158 2152//2158 2114//2158 2151//2158 
f 2153//2159 2152//2159 2190//2159 2191//2159 
f 2192//2160 2116//2160 2153//2160 2191//2160 
f 2154//2161 2116//2161 2192//2161 2193//2161 
f 2194//2162 2155//2162 2154//2162 2193//2162 
f 2156//2163 2155//2163 2194//2163 2195//2163 
f 2156//2164 2196//2164 2157//2164 2119//2164 
f 2158//2165 2120//2165 2157//2165 2197//2165 
f 2158//2166 2198//2166 2159//2166 2121//2166 
f 2199//2167 2122//2167 2159//2167 2200//2167 
f 2160//2168 2122//2168 2199//2168 2201//2168 
f 2202//2169 2161//2169 2160//2169 2201//2169 
f 2162//2170 2161//2170 2203//2170 2204//2170 
f 2162//2171 2163//2171 2128//2171 2125//2171 
f 2129//2172 2163//2172 2205//2172 2164//2172 
f 2206//2173 2165//2173 2130//2173 2164//2173 
f 2131//2174 2165//2174 2207//2174 2167//2174 
f 2168//2175 2132//2175 2166//2175 2208//2175 
f 2209//2176 2210//2176 2166//2176 2167//2176 
f 2168//2177 2211//2177 2212//2177 2169//2177 
f 2212//2178 2170//2178 2134//2178 2169//2178 
f 2135//2179 2170//2179 2213//2179 2171//2179 
f 2214//2180 2172//2180 2136//2180 2171//2180 
f 2173//2181 2172//2181 2215//2181 2216//2181 
f 2139//2182 2174//2182 2217//2182 2176//2182 
f 2218//2183 2219//2183 2175//2183 2176//2183 
f 2217//2184 2174//2184 2173//2184 2216//2184 
f 2175//2185 2219//2185 2220//2185 2177//2185 
f 2221//2186 2178//2186 2140//2186 2177//2186 
f 2147//2187 2178//2187 2221//2187 2185//2187 
f 2179//2188 2222//2188 2223//2188 2180//2188 
f 2223//2189 2186//2189 2148//2189 2180//2189 
f 2145//2190 2182//2190 2224//2190 2181//2190 
f 2224//2191 2222//2191 2179//2191 2181//2191 
f 2225//2192 2182//2192 2146//2192 2184//2192 
f 2183//2193 2226//2193 2227//2193 2184//2193 
f 2228//2194 2226//2194 2183//2194 2185//2194 
f 2187//2195 2186//2195 2229//2195 2230//2195 
f 2231//2196 2150//2196 2187//2196 2230//2196 
f 2188//2197 2150//2197 2231//2197 2232//2197 
f 2188//2198 2233//2198 2189//2198 2151//2198 
f 2190//2199 2152//2199 2189//2199 2234//2199 
f 2190//2200 2235//2200 2236//2200 2191//2200 
f 2236//2201 2237//2201 2192//2201 2191//2201 
f 2192//2202 2237//2202 2238//2202 2193//2202 
f 2238//2203 2239//2203 2194//2203 2193//2203 
f 2194//2204 2239//2204 2240//2204 2195//2204 
f 2241//2205 2196//2205 2156//2205 2195//2205 
f 2157//2206 2196//2206 2242//2206 2197//2206 
f 2243//2207 2198//2207 2158//2207 2197//2207 
f 2159//2208 2198//2208 2244//2208 2200//2208 
f 2244//2209 2245//2209 2199//2209 2200//2209 
f 2199//2210 2245//2210 2246//2210 2201//2210 
f 2203//2211 2161//2211 2202//2211 2247//2211 
f 2246//2212 2248//2212 2202//2212 2201//2212 
f 2203//2213 2249//2213 2205//2213 2204//2213 
f 2205//2214 2163//2214 2162//2214 2204//2214 
f 2205//2215 2249//2215 2206//2215 2164//2215 
f 2207//2216 2165//2216 2206//2216 2250//2216 
f 2207//2217 2251//2217 2209//2217 2167//2217 
f 2166//2218 2210//2218 2252//2218 2208//2218 
f 2252//2219 2211//2219 2168//2219 2208//2219 
f 2253//2220 2210//2220 2209//2220 2254//2220 
f 2212//2221 2211//2221 2255//2221 2256//2221 
f 2213//2222 2170//2222 2212//2222 2256//2222 
f 2213//2223 2257//2223 2214//2223 2171//2223 
f 2215//2224 2172//2224 2214//2224 2258//2224 
f 2215//2225 2259//2225 2260//2225 2216//2225 
f 2217//2226 2261//2226 2218//2226 2176//2226 
f 2262//2227 2219//2227 2218//2227 2263//2227 
f 2260//2228 2261//2228 2217//2228 2216//2228 
f 2220//2229 2219//2229 2262//2229 2264//2229 
f 2220//2230 2265//2230 2221//2230 2177//2230 
f 2221//2231 2265//2231 2228//2231 2185//2231 
f 2223//2232 2222//2232 2266//2232 2267//2232 
f 2229//2233 2186//2233 2223//2233 2267//2233 
f 2224//2234 2182//2234 2225//2234 2268//2234 
f 2269//2235 2222//2235 2224//2235 2268//2235 
f 2227//2236 2270//2236 2225//2236 2184//2236 
f 2227//2237 2226//2237 2271//2237 2272//2237 
f 2271//2238 2226//2238 2228//2238 2264//2238 
f 2229//2239 2273//2239 2274//2239 2230//2239 
f 2274//2240 2275//2240 2231//2240 2230//2240 
f 2231//2241 2275//2241 2276//2241 2232//2241 
f 2277//2242 2233//2242 2188//2242 2232//2242 
f 2189//2243 2233//2243 2277//2243 2234//2243 
f 2278//2244 2235//2244 2190//2244 2234//2244 
f 2236//2245 2235//2245 2279//2245 2280//2245 
f 2281//2246 2237//2246 2236//2246 2280//2246 
f 2238//2247 2237//2247 2281//2247 2282//2247 
f 2283//2248 2239//2248 2238//2248 2282//2248 
f 2240//2249 2239//2249 2283//2249 2284//2249 
f 2240//2250 2285//2250 2241//2250 2195//2250 
f 2242//2251 2196//2251 2241//2251 2286//2251 
f 2242//2252 2287//2252 2243//2252 2197//2252 
f 2244//2253 2198//2253 2243//2253 2288//2253 
f 2289//2254 2245//2254 2244//2254 2288//2254 
f 2246//2255 2245//2255 2289//2255 2290//2255 
f 2202//2256 2248//2256 2291//2256 2247//2256 
f 2292//2257 2249//2257 2203//2257 2247//2257 
f 2293//2258 2248//2258 2246//2258 2290//2258 
f 2206//2259 2249//2259 2292//2259 2250//2259 
f 2294//2260 2251//2260 2207//2260 2250//2260 
f 2209//2261 2251//2261 2295//2261 2254//2261 
f 2252//2262 2210//2262 2253//2262 2296//2262 
f 2255//2263 2211//2263 2252//2263 2296//2263 
f 2297//2264 2298//2264 2253//2264 2254//2264 
f 2255//2265 2299//2265 2300//2265 2256//2265 
f 2300//2266 2257//2266 2213//2266 2256//2266 
f 2214//2267 2257//2267 2301//2267 2258//2267 
f 2302//2268 2259//2268 2215//2268 2258//2268 
f 2260//2269 2259//2269 2303//2269 2304//2269 
f 2218//2270 2261//2270 2305//2270 2263//2270 
f 2306//2271 2307//2271 2262//2271 2263//2271 
f 2305//2272 2261//2272 2260//2272 2304//2272 
f 2262//2273 2307//2273 2271//2273 2264//2273 
f 2228//2274 2265//2274 2220//2274 2264//2274 
f 2266//2275 2222//2275 2269//2275 2308//2275 
f 2266//2276 2309//2276 2310//2276 2267//2276 
f 2310//2277 2273//2277 2229//2277 2267//2277 
f 2225//2278 2270//2278 2311//2278 2268//2278 
f 2311//2279 2312//2279 2269//2279 2268//2279 
f 2313//2280 2270//2280 2227//2280 2272//2280 
f 2271//2281 2307//2281 2314//2281 2272//2281 
f 2274//2282 2273//2282 2315//2282 2316//2282 
f 2317//2283 2275//2283 2274//2283 2316//2283 
f 2276//2284 2275//2284 2317//2284 2318//2284 
f 2276//2285 2319//2285 2277//2285 2232//2285 
f 2277//2286 2319//2286 2278//2286 2234//2286 
f 2279//2287 2235//2287 2278//2287 2318//2287 
f 2279//2288 2320//2288 2321//2288 2280//2288 
f 2321//2289 2322//2289 2281//2289 2280//2289 
f 2281//2290 2322//2290 2323//2290 2282//2290 
f 2323//2291 2324//2291 2283//2291 2282//2291 
f 2283//2292 2324//2292 2325//2292 2284//2292 
f 2326//2293 2285//2293 2240//2293 2284//2293 
f 2241//2294 2285//2294 2327//2294 2286//2294 
f 2328//2295 2287//2295 2242//2295 2286//2295 
f 2243//2296 2287//2296 2329//2296 2288//2296 
f 2329//2297 2330//2297 2289//2297 2288//2297 
f 2289//2298 2330//2298 2331//2298 2290//2298 
f 2291//2299 2248//2299 2293//2299 2332//2299 
f 2291//2300 2333//2300 2292//2300 2247//2300 
f 2331//2301 2334//2301 2293//2301 2290//2301 
f 2292//2302 2333//2302 2294//2302 2250//2302 
f 2295//2303 2251//2303 2294//2303 2335//2303 
f 2295//2304 2336//2304 2297//2304 2254//2304 
f 2253//2305 2298//2305 2337//2305 2296//2305 
f 2337//2306 2299//2306 2255//2306 2296//2306 
f 2338//2307 2298//2307 2297//2307 2339//2307 
f 2300//2308 2299//2308 2340//2308 2341//2308 
f 2301//2309 2257//2309 2300//2309 2341//2309 
f 2301//2310 2342//2310 2302//2310 2258//2310 
f 2303//2311 2259//2311 2302//2311 2343//2311 
f 2303//2312 2344//2312 2345//2312 2304//2312 
f 2305//2313 2346//2313 2306//2313 2263//2313 
f 2314//2314 2307//2314 2306//2314 2347//2314 
f 2345//2315 2346//2315 2305//2315 2304//2315 
f 2269//2316 2312//2316 2348//2316 2308//2316 
f 2348//2317 2309//2317 2266//2317 2308//2317 
f 2310//2318 2309//2318 2349//2318 2350//2318 
f 2315//2319 2273//2319 2310//2319 2350//2319 
f 2311//2320 2270//2320 2313//2320 2351//2320 
f 2352//2321 2312//2321 2311//2321 2351//2321 
f 2314//2322 2353//2322 2313//2322 2272//2322 
f 2315//2323 2354//2323 2355//2323 2316//2323 
f 2355//2324 2320//2324 2317//2324 2316//2324 
f 2317//2325 2320//2325 2279//2325 2318//2325 
f 2278//2326 2319//2326 2276//2326 2318//2326 
f 2321//2327 2320//2327 2355//2327 2356//2327 
f 2357//2328 2322//2328 2321//2328 2356//2328 
f 2323//2329 2322//2329 2357//2329 2358//2329 
f 2359//2330 2324//2330 2323//2330 2358//2330 
f 2325//2331 2324//2331 2359//2331 2360//2331 
f 2325//2332 2361//2332 2326//2332 2284//2332 
f 2327//2333 2285//2333 2326//2333 2362//2333 
f 2327//2334 2363//2334 2328//2334 2286//2334 
f 2364//2335 2287//2335 2328//2335 2365//2335 
f 2329//2336 2287//2336 2364//2336 2366//2336 
f 2367//2337 2330//2337 2329//2337 2366//2337 
f 2331//2338 2330//2338 2367//2338 2368//2338 
f 2293//2339 2334//2339 2369//2339 2332//2339 
f 2370//2340 2333//2340 2291//2340 2332//2340 
f 2371//2341 2334//2341 2331//2341 2368//2341 
f 2294//2342 2333//2342 2370//2342 2335//2342 
f 2372//2343 2336//2343 2295//2343 2335//2343 
f 2297//2344 2336//2344 2373//2344 2339//2344 
f 2337//2345 2298//2345 2374//2345 2375//2345 
f 2376//2346 2299//2346 2337//2346 2375//2346 
f 2374//2347 2298//2347 2338//2347 2377//2347 
f 2378//2348 2379//2348 2338//2348 2339//2348 
f 2340//2349 2299//2349 2376//2349 2380//2349 
f 2340//2350 2381//2350 2382//2350 2341//2350 
f 2382//2351 2342//2351 2301//2351 2341//2351 
f 2302//2352 2342//2352 2383//2352 2343//2352 
f 2384//2353 2344//2353 2303//2353 2343//2353 
f 2345//2354 2344//2354 2385//2354 2386//2354 
f 2306//2355 2346//2355 2387//2355 2347//2355 
f 2388//2356 2353//2356 2314//2356 2347//2356 
f 2387//2357 2346//2357 2345//2357 2386//2357 
f 2348//2358 2312//2358 2352//2358 2389//2358 
f 2349//2359 2309//2359 2348//2359 2389//2359 
f 2349//2360 2390//2360 2391//2360 2350//2360 
f 2391//2361 2354//2361 2315//2361 2350//2361 
f 2313//2362 2353//2362 2392//2362 2351//2362 
f 2392//2363 2393//2363 2352//2363 2351//2363 
f 2355//2364 2354//2364 2394//2364 2356//2364 
f 2394//2365 2395//2365 2357//2365 2356//2365 
f 2357//2366 2395//2366 2396//2366 2358//2366 
f 2396//2367 2397//2367 2359//2367 2358//2367 
f 2359//2368 2397//2368 2398//2368 2360//2368 
f 2399//2369 2361//2369 2325//2369 2360//2369 
f 2326//2370 2361//2370 2400//2370 2362//2370 
f 2401//2371 2363//2371 2327//2371 2362//2371 
f 2328//2372 2363//2372 2402//2372 2365//2372 
f 2403//2373 2404//2373 2364//2373 2365//2373 
f 2364//2374 2404//2374 2405//2374 2366//2374 
f 2405//2375 2406//2375 2367//2375 2366//2375 
f 2367//2376 2406//2376 2371//2376 2368//2376 
f 2369//2377 2334//2377 2407//2377 2408//2377 
f 2369//2378 2409//2378 2370//2378 2332//2378 
f 2407//2379 2334//2379 2371//2379 2410//2379 
f 2370//2380 2409//2380 2372//2380 2335//2380 
f 2373//2381 2336//2381 2372//2381 2411//2381 
f 2373//2382 2412//2382 2378//2382 2339//2382 
f 2374//2383 2413//2383 2376//2383 2375//2383 
f 2338//2384 2379//2384 2414//2384 2377//2384 
f 2415//2385 2413//2385 2374//2385 2377//2385 
f 2416//2386 2379//2386 2378//2386 2417//2386 
f 2376//2387 2413//2387 2415//2387 2380//2387 
f 2418//2388 2381//2388 2340//2388 2380//2388 
f 2382//2389 2381//2389 2419//2389 2420//2389 
f 2383//2390 2342//2390 2382//2390 2420//2390 
f 2383//2391 2421//2391 2384//2391 2343//2391 
f 2385//2392 2344//2392 2384//2392 2422//2392 
f 2385//2393 2423//2393 2424//2393 2386//2393 
f 2387//2394 2425//2394 2388//2394 2347//2394 
f 2392//2395 2353//2395 2388//2395 2426//2395 
f 2424//2396 2425//2396 2387//2396 2386//2396 
f 2352//2397 2393//2397 2427//2397 2389//2397 
f 2427//2398 2390//2398 2349//2398 2389//2398 
f 2391//2399 2390//2399 2428//2399 2429//2399 
f 2394//2400 2354//2400 2391//2400 2429//2400 
f 2430//2401 2393//2401 2392//2401 2426//2401 
f 2431//2402 2395//2402 2394//2402 2429//2402 
f 2396//2403 2395//2403 2431//2403 2432//2403 
f 2433//2404 2397//2404 2396//2404 2432//2404 
f 2398//2405 2397//2405 2433//2405 2434//2405 
f 2398//2406 2435//2406 2399//2406 2360//2406 
f 2400//2407 2361//2407 2399//2407 2436//2407 
f 2400//2408 2437//2408 2401//2408 2362//2408 
f 2402//2409 2363//2409 2401//2409 2438//2409 
f 2402//2410 2439//2410 2403//2410 2365//2410 
f 2440//2411 2404//2411 2403//2411 2441//2411 
f 2405//2412 2404//2412 2440//2412 2442//2412 
f 2443//2413 2406//2413 2405//2413 2442//2413 
f 2371//2414 2406//2414 2443//2414 2410//2414 
f 2407//2415 2444//2415 2445//2415 2408//2415 
f 2446//2416 2409//2416 2369//2416 2408//2416 
f 2447//2417 2444//2417 2407//2417 2410//2417 
f 2372//2418 2409//2418 2446//2418 2411//2418 
f 2448//2419 2412//2419 2373//2419 2411//2419 
f 2378//2420 2412//2420 2449//2420 2417//2420 
f 2414//2421 2379//2421 2416//2421 2450//2421 
f 2414//2422 2451//2422 2415//2422 2377//2422 
f 2452//2423 2453//2423 2416//2423 2417//2423 
f 2415//2424 2451//2424 2418//2424 2380//2424 
f 2419//2425 2381//2425 2418//2425 2450//2425 
f 2419//2426 2453//2426 2454//2426 2420//2426 
f 2454//2427 2421//2427 2383//2427 2420//2427 
f 2384//2428 2421//2428 2455//2428 2422//2428 
f 2456//2429 2423//2429 2385//2429 2422//2429 
f 2424//2430 2423//2430 2457//2430 2458//2430 
f 2388//2431 2425//2431 2459//2431 2426//2431 
f 2459//2432 2425//2432 2424//2432 2458//2432 
f 2427//2433 2393//2433 2430//2433 2460//2433 
f 2428//2434 2390//2434 2427//2434 2460//2434 
f 2428//2435 2461//2435 2431//2435 2429//2435 
f 2459//2436 2462//2436 2430//2436 2426//2436 
f 2431//2437 2461//2437 2463//2437 2432//2437 
f 2463//2438 2464//2438 2433//2438 2432//2438 
f 2433//2439 2464//2439 2465//2439 2434//2439 
f 2466//2440 2435//2440 2398//2440 2434//2440 
f 2399//2441 2435//2441 2467//2441 2436//2441 
f 2468//2442 2437//2442 2400//2442 2436//2442 
f 2401//2443 2437//2443 2469//2443 2438//2443 
f 2470//2444 2439//2444 2402//2444 2438//2444 
f 2403//2445 2439//2445 2470//2445 2441//2445 
f 2470//2446 2471//2446 2440//2446 2441//2446 
f 2440//2447 2471//2447 2472//2447 2442//2447 
f 2472//2448 2473//2448 2443//2448 2442//2448 
f 2443//2449 2473//2449 2447//2449 2410//2449 
f 2445//2450 2444//2450 2474//2450 2475//2450 
f 2445//2451 2476//2451 2446//2451 2408//2451 
f 2474//2452 2444//2452 2447//2452 2477//2452 
f 2446//2453 2476//2453 2448//2453 2411//2453 
f 2449//2454 2412//2454 2448//2454 2478//2454 
f 2449//2455 2479//2455 2452//2455 2417//2455 
f 2416//2456 2453//2456 2419//2456 2450//2456 
f 2418//2457 2451//2457 2414//2457 2450//2457 
f 2454//2458 2453//2458 2452//2458 2480//2458 
f 2455//2459 2421//2459 2454//2459 2480//2459 
f 2455//2460 2481//2460 2456//2460 2422//2460 
f 2457//2461 2423//2461 2456//2461 2482//2461 
f 2457//2462 2483//2462 2484//2462 2458//2462 
f 2484//2463 2462//2463 2459//2463 2458//2463 
f 2430//2464 2462//2464 2485//2464 2460//2464 
f 2485//2465 2461//2465 2428//2465 2460//2465 
f 2463//2466 2461//2466 2485//2466 2486//2466 
f 2487//2467 2464//2467 2463//2467 2486//2467 
f 2465//2468 2464//2468 2487//2468 2488//2468 
f 2465//2469 2489//2469 2466//2469 2434//2469 
f 2467//2470 2435//2470 2466//2470 2490//2470 
f 2467//2471 2491//2471 2468//2471 2436//2471 
f 2469//2472 2437//2472 2468//2472 2492//2472 
f 2469//2473 2471//2473 2470//2473 2438//2473 
f 2472//2474 2471//2474 2469//2474 2492//2474 
f 2493//2475 2473//2475 2472//2475 2492//2475 
f 2447//2476 2473//2476 2493//2476 2477//2476 
f 2474//2477 2494//2477 2495//2477 2475//2477 
f 2496//2478 2476//2478 2445//2478 2475//2478 
f 2497//2479 2494//2479 2474//2479 2477//2479 
f 2448//2480 2476//2480 2496//2480 2478//2480 
f 2498//2481 2479//2481 2449//2481 2478//2481 
f 2452//2482 2479//2482 2499//2482 2480//2482 
f 2499//2483 2481//2483 2455//2483 2480//2483 
f 2456//2484 2481//2484 2500//2484 2482//2484 
f 2501//2485 2483//2485 2457//2485 2482//2485 
f 2484//2486 2483//2486 2487//2486 2486//2486 
f 2485//2487 2462//2487 2484//2487 2486//2487 
f 2487//2488 2483//2488 2501//2488 2488//2488 
f 2502//2489 2489//2489 2465//2489 2488//2489 
f 2466//2490 2489//2490 2503//2490 2490//2490 
f 2497//2491 2491//2491 2467//2491 2490//2491 
f 2468//2492 2491//2492 2493//2492 2492//2492 
f 2493//2493 2491//2493 2497//2493 2477//2493 
f 2495//2494 2494//2494 2503//2494 2504//2494 
f 2495//2495 2505//2495 2496//2495 2475//2495 
f 2503//2496 2494//2496 2497//2496 2490//2496 
f 2496//2497 2505//2497 2498//2497 2478//2497 
f 2499//2498 2479//2498 2498//2498 2506//2498 
f 2500//2499 2481//2499 2499//2499 2506//2499 
f 2500//2500 2507//2500 2501//2500 2482//2500 
f 2501//2501 2507//2501 2502//2501 2488//2501 
f 2503//2502 2489//2502 2502//2502 2504//2502 
f 2508//2503 2505//2503 2495//2503 2504//2503 
f 2498//2504 2505//2504 2508//2504 2506//2504 
f 2508//2505 2507//2505 2500//2505 2506//2505 
f 2502//2506 2507//2506 2508//2506 2504//2506 
